Player,FGM,FGA,FTM,FTA,3PM,REB,AST,STL,BLK,TO,PTS,MIN,GP,Pos,Team,PosList
Stephen Curry,10.4,21.7,5.7,6.3,5.3,5.5,5.8,1.2,0.1,3.4,32.0,34.2,63.0,PG,,['PG']
Bradley Beal,11.2,23.0,6.8,7.7,2.2,4.7,4.4,1.2,0.4,3.1,31.3,35.8,60.0,SG,,['SG']
Damian Lillard,9.0,19.9,6.7,7.2,4.1,4.2,7.5,0.9,0.3,3.0,28.8,35.8,67.0,PG,,['PG']
Joel Embiid,9.0,17.6,9.2,10.7,1.1,10.6,2.8,1.0,1.4,3.1,28.5,31.1,51.0,C,,['C']
Giannis Antetokounmpo,10.3,18.0,6.5,9.5,1.1,11.0,5.9,1.2,1.2,3.4,28.1,33.0,61.0,PF,,['PF']
Luka DonÄiÄ,9.8,20.5,5.2,7.1,2.9,8.0,8.6,1.0,0.5,4.3,27.7,34.3,66.0,PG,,['PG']
Zach LaVine,9.8,19.4,4.4,5.1,3.4,5.0,4.9,0.8,0.5,3.5,27.4,35.1,58.0,SG,,['SG']
Zion Williamson,10.4,17.0,6.0,8.7,0.2,7.2,3.7,0.9,0.6,2.7,27.0,33.2,61.0,PF,,['PF']
Kevin Durant,9.3,17.2,6.0,6.8,2.4,7.1,5.6,0.7,1.3,3.4,26.9,33.1,35.0,PF,,['PF']
Kyrie Irving,10.2,20.1,3.7,4.0,2.8,4.8,6.0,1.4,0.7,2.4,26.9,34.9,54.0,PG,,['PG']
Nikola JokiÄ,10.2,18.0,4.8,5.5,1.3,10.8,8.3,1.3,0.7,3.1,26.4,34.6,72.0,C,,['C']
Donovan Mitchell,9.0,20.6,5.0,6.0,3.4,4.4,5.2,1.0,0.3,2.8,26.4,33.4,53.0,PG,,['PG']
Jayson Tatum,9.5,20.6,4.6,5.3,2.9,7.4,4.3,1.2,0.5,2.7,26.4,35.8,64.0,SF,,['SF']
Devin Booker,9.3,19.2,5.1,5.9,1.9,4.2,4.3,0.8,0.2,3.1,25.6,33.9,67.0,SG,,['SG']
Trae Young,7.7,17.7,7.7,8.7,2.2,3.9,9.4,0.8,0.2,4.1,25.3,33.7,63.0,PG,,['PG']
De'Aaron Fox,9.1,19.1,5.2,7.2,1.8,3.5,7.2,1.5,0.5,3.0,25.2,35.1,58.0,PG,,['PG']
LeBron James,9.4,18.3,4.0,5.7,2.3,7.7,7.8,1.1,0.6,3.7,25.0,33.4,45.0,PG,,['PG']
Kawhi Leonard,8.9,17.5,5.0,5.7,1.9,6.5,5.2,1.6,0.4,2.0,24.8,34.1,52.0,SF,,['SF']
Karl-Anthony Towns,8.5,17.5,5.3,6.2,2.4,10.6,4.5,0.8,1.1,3.2,24.8,33.8,50.0,C,,['C']
Jaylen Brown,9.3,19.2,3.3,4.3,2.8,6.0,3.4,1.2,0.6,2.7,24.7,34.5,58.0,SG,,['SG']
James Harden,7.8,16.7,6.3,7.3,2.8,7.9,10.8,1.2,0.8,4.0,24.6,36.6,44.0,PG,,['PG']
James Harden,7.5,16.9,6.6,7.5,3.1,5.1,10.4,0.9,0.8,4.3,24.8,36.3,8.0,PG,,['PG']
James Harden,7.8,16.6,6.3,7.3,2.7,8.5,10.9,1.3,0.8,4.0,24.6,36.6,36.0,PG,,['PG']
Collin Sexton,8.8,18.4,5.2,6.4,1.6,3.1,4.4,1.0,0.2,2.8,24.3,35.3,60.0,SG,,['SG']
Julius Randle,8.5,18.6,4.9,6.0,2.3,10.2,6.0,0.9,0.3,3.4,24.1,37.6,71.0,PF,,['PF']
Brandon Ingram,8.4,18.0,4.6,5.2,2.3,4.9,4.9,0.7,0.6,2.5,23.8,34.3,61.0,SF,,['SF']
Shai Gilgeous-Alexander,8.2,16.1,5.3,6.5,2.0,4.7,5.9,0.8,0.7,3.0,23.7,33.7,35.0,SG,,['SG']
Nikola VuÄeviÄ,9.5,19.9,1.9,2.2,2.5,11.7,3.8,0.9,0.7,1.8,23.4,33.5,70.0,C,,['C']
Nikola VuÄeviÄ,9.9,20.6,2.1,2.5,2.7,11.8,3.8,1.0,0.6,1.9,24.5,34.1,44.0,C,,['C']
Nikola VuÄeviÄ,8.8,18.8,1.5,1.8,2.3,11.5,3.9,0.9,0.8,1.7,21.5,32.6,26.0,C,,['C']
Paul George,8.2,17.6,3.7,4.2,3.2,6.6,5.2,1.1,0.4,3.3,23.3,33.7,54.0,SF,,['SF']
CJ McCollum,8.6,18.8,2.3,2.8,3.6,3.9,4.7,0.9,0.4,1.4,23.1,34.0,47.0,SG,,['SG']
Jerami Grant,7.4,17.3,5.4,6.4,2.1,4.6,2.8,0.6,1.1,2.0,22.3,33.9,54.0,SF,,['SF']
Russell Westbrook,8.4,19.0,4.2,6.4,1.3,11.5,11.7,1.4,0.4,4.8,22.2,36.4,65.0,PG,,['PG']
Anthony Davis,8.4,17.0,4.4,5.9,0.7,7.9,3.1,1.3,1.6,2.1,21.8,32.3,36.0,PF,,['PF']
DeMar DeRozan,7.5,15.1,6.3,7.2,0.3,4.2,6.9,0.9,0.2,2.0,21.6,33.7,61.0,PF,,['PF']
Jimmy Butler,7.0,14.2,6.9,8.0,0.5,6.9,7.1,2.1,0.3,2.1,21.5,33.6,52.0,SF,,['SF']
Pascal Siakam,7.8,17.2,4.4,5.4,1.3,7.2,4.5,1.1,0.7,2.3,21.4,35.8,56.0,PF,,['PF']
Malcolm Brogdon,7.9,17.5,2.7,3.2,2.6,5.3,5.9,0.9,0.3,2.1,21.2,34.5,56.0,PG,,['PG']
Jamal Murray,7.9,16.5,2.8,3.2,2.7,4.0,4.8,1.3,0.3,2.3,21.2,35.5,48.0,PG,,['PG']
Christian Wood,8.0,15.6,3.0,4.8,1.9,9.6,1.7,0.8,1.2,2.0,21.0,32.3,41.0,C,,['C']
John Wall,7.3,18.2,4.0,5.3,2.0,3.2,6.9,1.1,0.8,3.5,20.6,32.2,40.0,PG,,['PG']
Khris Middleton,7.5,15.8,3.1,3.5,2.2,6.0,5.4,1.1,0.1,2.6,20.4,33.4,68.0,SF,,['SF']
Terry Rozier,7.4,16.4,2.4,2.9,3.2,4.4,4.2,1.3,0.4,1.9,20.4,34.5,69.0,SG,,['SG']
Domantas Sabonis,7.8,14.6,3.9,5.3,0.8,12.0,6.7,1.2,0.5,3.4,20.3,36.0,62.0,PF,,['PF']
Caris LeVert,7.6,17.3,3.1,3.8,1.8,4.6,5.2,1.4,0.6,2.2,20.2,31.6,47.0,SG,,['SG']
Caris LeVert,7.3,16.7,2.2,2.8,1.8,4.3,6.0,1.1,0.5,2.2,18.5,27.8,12.0,SG,,['SG']
Caris LeVert,7.8,17.5,3.4,4.2,1.8,4.6,4.9,1.5,0.7,2.2,20.7,32.9,35.0,SG,,['SG']
Kristaps PorziÅÄ£is,7.6,15.9,2.7,3.2,2.3,8.9,1.6,0.5,1.3,1.2,20.1,30.9,43.0,C,,['C']
Victor Oladipo,7.1,17.5,3.2,4.2,2.4,4.8,4.6,1.4,0.4,2.5,19.8,32.7,33.0,SG,,['SG']
Victor Oladipo,7.1,16.9,3.0,4.1,2.8,5.7,4.2,1.7,0.2,2.0,20.0,33.3,9.0,SG,,['SG']
Victor Oladipo,7.8,19.1,3.3,4.2,2.5,4.8,5.0,1.2,0.5,2.6,21.2,33.5,20.0,SG,,['SG']
Victor Oladipo,4.0,10.8,3.0,4.5,1.0,3.5,3.5,1.8,0.5,3.5,12.0,27.8,4.0,SG,,['SG']
Malik Beasley,7.1,16.2,1.8,2.2,3.5,4.4,2.4,0.8,0.2,1.6,19.6,32.8,37.0,SG,,['SG']
Gordon Hayward,7.1,15.0,3.5,4.2,1.9,5.9,4.1,1.2,0.3,2.1,19.6,34.0,44.0,SF,,['SF']
Fred VanVleet,6.5,16.7,3.3,3.7,3.3,4.2,6.3,1.7,0.7,1.8,19.6,36.5,52.0,SG,,['SG']
Tobias Harris,7.6,14.9,2.9,3.3,1.3,6.8,3.5,0.9,0.8,1.7,19.5,32.5,62.0,PF,,['PF']
Anthony Edwards,7.0,16.8,2.9,3.8,2.4,4.7,2.9,1.1,0.5,2.2,19.3,32.1,72.0,SG,,['SG']
Kemba Walker,6.6,15.7,3.1,3.5,3.0,4.0,4.9,1.1,0.3,2.0,19.3,31.8,43.0,PG,,['PG']
Ja Morant,6.8,15.2,4.3,5.9,1.2,4.0,7.4,0.9,0.2,3.2,19.1,32.6,63.0,PG,,['PG']
Michael Porter Jr.,7.3,13.4,1.7,2.2,2.8,7.3,1.1,0.7,0.9,1.3,19.0,31.3,61.0,SF,,['SF']
D'Angelo Russell,6.7,15.5,2.7,3.5,2.9,2.6,5.8,1.1,0.4,2.7,19.0,28.5,42.0,PG,,['PG']
Bam Adebayo,7.1,12.5,4.4,5.5,0.0,9.0,5.4,1.2,1.0,2.6,18.7,33.5,64.0,C,,['C']
Norman Powell,6.3,13.3,3.4,3.9,2.5,3.1,1.9,1.2,0.3,1.7,18.6,32.0,69.0,SG,,['SG']
Norman Powell,6.7,13.5,3.4,3.9,2.8,3.0,1.8,1.1,0.2,1.8,19.6,30.4,42.0,SG,,['SG']
Norman Powell,5.8,13.0,3.5,4.0,2.0,3.3,1.9,1.3,0.4,1.6,17.0,34.4,27.0,SF,,['SF']
Andrew Wiggins,7.1,14.9,2.4,3.4,2.0,4.9,2.4,0.9,1.0,1.8,18.6,33.3,71.0,PF,,['PF']
Jordan Clarkson,6.7,15.8,1.9,2.1,3.1,4.0,2.5,0.9,0.1,1.7,18.4,26.7,68.0,SG,,['SG']
Eric Gordon,5.9,13.6,3.5,4.2,2.6,2.1,2.6,0.5,0.5,1.9,17.8,29.2,27.0,SG,,['SG']
Jrue Holiday,7.0,13.9,1.8,2.3,1.9,4.5,6.1,1.6,0.6,2.2,17.7,32.3,59.0,PG,,['PG']
RJ Barrett,6.5,14.7,2.9,3.8,1.7,5.8,3.0,0.7,0.3,1.9,17.6,34.9,72.0,SG,,['SG']
John Collins,6.8,12.2,2.7,3.2,1.3,7.4,1.2,0.5,1.0,1.3,17.6,29.3,63.0,PF,,['PF']
Darius Garland,6.7,14.9,2.1,2.4,1.9,2.4,6.1,1.2,0.1,3.0,17.4,33.1,54.0,PG,,['PG']
Dillon Brooks,6.4,15.4,2.4,2.9,1.9,2.9,2.3,1.2,0.4,1.8,17.2,29.8,67.0,SF,,['SF']
Kyle Lowry,5.7,13.0,3.0,3.5,2.8,5.4,7.3,1.0,0.3,2.7,17.2,34.8,46.0,PG,,['PG']
Evan Fournier,5.9,12.9,2.6,3.3,2.8,3.0,3.4,1.1,0.5,1.7,17.1,30.0,42.0,SF,,['SF']
Evan Fournier,6.5,14.2,3.8,4.7,2.8,2.9,3.7,1.0,0.3,2.1,19.7,30.3,26.0,SF,,['SF']
Evan Fournier,4.8,10.8,0.6,0.9,2.8,3.3,3.1,1.3,0.6,1.2,13.0,29.5,16.0,SF,,['SF']
Jonas ValanÄiÅ«nas,7.1,12.0,2.5,3.3,0.3,12.5,1.8,0.6,0.9,1.6,17.1,28.3,62.0,C,,['C']
Bojan BogdanoviÄ,5.6,12.8,3.2,3.7,2.5,3.9,1.9,0.6,0.1,1.8,17.0,30.8,72.0,SF,,['SF']
Tim Hardaway Jr.,5.8,13.0,2.0,2.5,3.0,3.3,1.8,0.4,0.2,0.9,16.6,28.4,70.0,SG,,['SG']
Buddy Hield,5.7,14.0,1.2,1.5,4.0,4.7,3.6,0.9,0.4,1.8,16.6,34.3,71.0,SG,,['SG']
Kevin Porter Jr.,6.0,14.1,2.7,3.6,1.9,3.8,6.3,0.7,0.3,3.5,16.6,32.1,26.0,SG,,['SG']
Bogdan BogdanoviÄ,6.1,12.8,0.9,1.0,3.3,3.6,3.3,1.1,0.3,1.2,16.4,29.7,44.0,SG,,['SG']
Chris Paul,6.3,12.6,2.4,2.6,1.5,4.5,8.9,1.4,0.3,2.2,16.4,31.4,70.0,PG,,['PG']
Khyri Thomas,6.4,13.2,1.8,1.8,1.8,3.6,5.0,1.8,1.2,1.2,16.4,30.6,5.0,SG,,['SG']
Mike Conley,5.6,12.5,2.4,2.8,2.7,3.5,6.0,1.4,0.2,1.9,16.2,29.4,51.0,PG,,['PG']
Harrison Barnes,5.5,11.1,3.4,4.1,1.7,6.6,3.5,0.7,0.2,1.6,16.1,36.2,58.0,PF,,['PF']
Elijah Bryant,6.0,13.0,3.0,3.0,1.0,6.0,3.0,0.0,1.0,4.0,16.0,32.0,1.0,SG,,['SG']
OG Anunoby,5.8,12.1,1.9,2.4,2.4,5.5,2.2,1.5,0.7,1.7,15.9,33.3,43.0,SF,,['SF']
LaMelo Ball,5.7,13.2,2.5,3.2,1.8,5.9,6.1,1.6,0.4,2.8,15.7,28.8,51.0,PG,,['PG']
Dejounte Murray,6.6,14.5,1.6,2.0,0.9,7.1,5.4,1.5,0.1,1.7,15.7,31.9,67.0,PG,,['PG']
Terrence Ross,5.5,13.4,2.6,3.0,1.9,3.4,2.3,1.0,0.5,1.6,15.6,29.3,46.0,SG,,['SG']
T.J. Warren,6.8,12.8,2.0,2.5,0.0,3.5,1.3,0.5,0.0,1.0,15.5,29.3,4.0,SF,,['SF']
Kelly Oubre Jr.,5.8,13.2,2.2,3.2,1.6,6.0,1.3,1.0,0.8,1.3,15.4,30.7,55.0,SF,,['SF']
Dennis SchrÃ¶der,5.4,12.5,3.4,4.0,1.2,3.5,5.8,1.1,0.2,2.7,15.4,32.1,61.0,SG,,['SG']
Derrick White,5.2,12.6,2.7,3.2,2.3,3.0,3.5,0.7,1.0,1.3,15.4,29.6,36.0,SG,,['SG']
Gary Trent Jr.,5.5,13.5,1.4,1.8,2.8,2.6,1.4,1.0,0.2,0.7,15.3,31.1,58.0,SG,,['SG']
Gary Trent Jr.,5.3,12.8,1.4,1.8,3.0,2.2,1.4,0.9,0.1,0.8,15.0,30.8,41.0,SG,,['SG']
Gary Trent Jr.,6.1,15.4,1.5,1.8,2.6,3.6,1.3,1.1,0.2,0.7,16.2,31.8,17.0,SG,,['SG']
Clint Capela,6.6,11.0,2.1,3.6,0.0,14.3,0.8,0.7,2.0,1.2,15.2,30.1,63.0,C,,['C']
Tyler Herro,5.7,12.9,1.7,2.2,2.0,5.0,3.4,0.6,0.3,1.9,15.1,30.3,54.0,SG,,['SG']
Coby White,5.4,13.1,1.9,2.1,2.4,4.1,4.8,0.6,0.2,2.3,15.1,31.2,69.0,PG,,['PG']
De'Andre Hunter,5.2,10.8,3.2,3.7,1.3,4.8,1.9,0.8,0.5,1.3,15.0,29.5,23.0,SF,,['SF']
Andre Drummond,6.1,12.4,2.7,4.5,0.0,12.0,2.0,1.4,1.1,2.7,14.9,27.0,46.0,C,,['C']
Andre Drummond,7.2,15.2,3.1,5.2,0.0,13.5,2.6,1.6,1.2,3.2,17.5,28.9,25.0,C,,['C']
Andre Drummond,4.9,9.1,2.2,3.6,0.0,10.2,1.4,1.1,1.0,2.0,11.9,24.8,21.0,C,,['C']
Devonte' Graham,4.6,12.2,2.4,2.9,3.3,2.7,5.4,0.9,0.1,1.5,14.8,30.2,55.0,PG,,['PG']
Derrick Rose,5.7,12.2,2.2,2.5,1.0,2.6,4.2,1.0,0.4,1.6,14.7,25.6,50.0,PG,,['PG']
Derrick Rose,5.3,12.3,2.8,3.3,0.9,1.9,4.2,1.2,0.3,1.9,14.2,22.8,15.0,PG,,['PG']
Derrick Rose,5.9,12.2,1.9,2.2,1.1,2.9,4.2,0.9,0.4,1.4,14.9,26.8,35.0,PG,,['PG']
Lonzo Ball,5.3,12.7,0.9,1.2,3.1,4.8,5.7,1.5,0.6,2.2,14.6,31.8,55.0,PG,,['PG']
Kendrick Nunn,5.7,11.8,1.0,1.1,2.2,3.2,2.6,0.9,0.3,1.4,14.6,29.5,56.0,PG,,['PG']
Deandre Ayton,6.2,10.0,1.9,2.5,0.1,10.5,1.4,0.6,1.2,1.5,14.4,30.7,69.0,C,,['C']
Jaren Jackson Jr.,4.8,11.4,3.2,3.8,1.5,5.6,1.1,1.1,1.6,1.4,14.4,23.5,11.0,C,,['C']
Thomas Bryant,5.9,9.1,1.6,2.4,0.9,6.1,1.5,0.4,0.8,1.1,14.3,27.1,10.0,C,,['C']
Rudy Gobert,5.5,8.2,3.3,5.3,0.0,13.5,1.3,0.6,2.7,1.7,14.3,30.8,71.0,C,,['C']
Ben Simmons,5.6,10.1,3.0,4.9,0.1,7.2,6.9,1.6,0.6,3.0,14.3,32.4,58.0,PG,,['PG']
Richaun Holmes,6.0,9.4,2.2,2.8,0.0,8.3,1.7,0.6,1.6,1.2,14.2,29.2,61.0,C,,['C']
Al Horford,5.8,12.9,0.6,0.8,2.0,6.7,3.4,0.9,0.9,1.0,14.2,27.9,28.0,C,,['C']
Marvin Bagley,5.7,11.4,1.8,3.1,0.9,7.4,1.0,0.5,0.5,1.4,14.1,25.9,43.0,PF,,['PF']
Joe Harris,5.2,10.2,0.7,0.9,3.1,3.6,1.9,0.7,0.2,0.9,14.1,31.0,69.0,SF,,['SF']
Luguentz Dort,4.8,12.3,2.3,3.2,2.2,3.6,1.7,0.9,0.4,1.5,14.0,29.7,52.0,SG,,['SG']
Rui Hachimura,5.4,11.4,2.2,2.8,0.8,5.5,1.4,0.8,0.1,1.2,13.8,31.5,57.0,PF,,['PF']
Darius Bazley,5.0,12.5,2.3,3.2,1.5,7.2,1.8,0.5,0.5,2.2,13.7,31.2,55.0,PF,,['PF']
Chris Boucher,4.8,9.3,2.5,3.2,1.5,6.7,1.1,0.6,1.9,0.8,13.6,24.2,60.0,C,,['C']
Lauri Markkanen,4.9,10.2,1.5,1.8,2.3,5.3,0.9,0.5,0.3,1.0,13.6,25.8,51.0,PF,,['PF']
Doug McDermott,5.4,10.1,1.2,1.5,1.7,3.3,1.3,0.3,0.1,0.8,13.6,24.5,66.0,PF,,['PF']
Kelly Olynyk,4.8,10.0,2.1,2.5,1.8,7.0,2.9,1.1,0.6,1.8,13.5,28.5,70.0,PF,,['PF']
Kelly Olynyk,3.8,8.7,0.7,0.9,1.8,6.1,2.1,0.9,0.6,1.3,10.0,26.9,43.0,C,,['C']
Kelly Olynyk,6.5,11.9,4.2,5.0,1.8,8.4,4.1,1.4,0.6,2.6,19.0,31.1,27.0,PF,,['PF']
LaMarcus Aldridge,5.4,11.4,1.6,1.8,1.2,4.5,1.9,0.4,1.1,1.0,13.5,25.9,26.0,C,,['C']
LaMarcus Aldridge,5.5,11.8,1.5,1.8,1.3,4.5,1.7,0.4,0.9,1.0,13.7,25.9,21.0,C,,['C']
LaMarcus Aldridge,5.0,9.6,2.0,2.0,0.8,4.8,2.6,0.6,2.2,1.4,12.8,26.0,5.0,C,,['C']
Mikal Bridges,5.0,9.3,1.5,1.8,1.9,4.3,2.1,1.1,0.9,0.8,13.5,32.6,72.0,SF,,['SF']
Montrezl Harrell,5.4,8.7,2.6,3.7,0.0,6.2,1.1,0.7,0.7,1.1,13.5,22.9,69.0,C,,['C']
Carmelo Anthony,4.7,11.3,2.0,2.2,1.9,3.1,1.5,0.7,0.6,0.9,13.4,24.5,69.0,PF,,['PF']
Goran DragiÄ,4.8,11.1,2.0,2.4,1.8,3.4,4.4,0.7,0.2,2.4,13.4,26.7,50.0,PG,,['PG']
Josh Jackson,4.8,11.4,2.6,3.5,1.2,4.1,2.3,0.9,0.8,2.3,13.4,25.2,62.0,SG,,['SG']
Marcus Morris,4.8,10.2,1.3,1.6,2.5,4.1,1.0,0.6,0.3,1.0,13.4,26.4,57.0,PF,,['PF']
Danilo Gallinari,4.0,9.3,3.2,3.4,2.0,4.1,1.5,0.6,0.2,0.8,13.3,24.0,51.0,PF,,['PF']
Duncan Robinson,4.4,10.0,0.9,1.0,3.5,3.5,1.8,0.6,0.3,1.1,13.1,31.4,72.0,SF,,['SF']
Marcus Smart,4.2,10.6,2.7,3.4,1.9,3.5,5.7,1.5,0.5,2.0,13.1,32.9,48.0,PG,,['PG']
Tyrese Haliburton,5.0,10.7,0.8,1.0,2.1,3.0,5.3,1.3,0.5,1.6,13.0,30.1,58.0,PG,,['PG']
Shake Milton,4.8,10.6,2.3,2.8,1.1,2.3,3.1,0.6,0.3,1.6,13.0,23.2,63.0,SG,,['SG']
Cole Anthony,4.7,11.7,2.3,2.8,1.2,4.7,4.1,0.6,0.4,2.3,12.9,27.1,47.0,PG,,['PG']
Markelle Fultz,5.1,13.0,2.1,2.4,0.5,3.1,5.4,1.0,0.3,2.3,12.9,26.9,8.0,PG,,['PG']
Kyle Kuzma,4.9,11.1,1.0,1.4,2.0,6.1,1.9,0.5,0.6,1.7,12.9,28.7,68.0,SF,,['SF']
P.J. Washington,4.7,10.7,1.7,2.3,1.8,6.5,2.5,1.1,1.2,2.0,12.9,30.5,64.0,PF,,['PF']
Jarrett Allen,4.7,7.7,3.2,4.6,0.1,10.0,1.7,0.5,1.4,1.6,12.8,29.6,63.0,C,,['C']
Jarrett Allen,3.7,5.4,3.8,5.1,0.0,10.4,1.7,0.6,1.6,1.8,11.2,26.7,12.0,C,,['C']
Jarrett Allen,5.0,8.2,3.1,4.5,0.1,9.9,1.7,0.5,1.4,1.5,13.2,30.3,51.0,C,,['C']
Keldon Johnson,4.9,10.2,2.1,2.8,0.9,6.0,1.8,0.6,0.3,1.1,12.8,28.5,69.0,SF,,['SF']
Will Barton,4.6,10.9,1.7,2.2,1.8,4.0,3.2,0.9,0.4,1.7,12.7,31.0,56.0,SF,,['SF']
Miles Bridges,4.7,9.4,1.5,1.7,1.8,6.0,2.2,0.7,0.8,1.6,12.7,29.3,66.0,PF,,['PF']
Alec Burks,4.3,10.2,2.1,2.4,2.1,4.6,2.2,0.6,0.3,1.0,12.7,25.6,49.0,SG,,['SG']
Jalen Brunson,4.8,9.2,1.8,2.2,1.2,3.4,3.5,0.5,0.0,1.2,12.6,25.0,68.0,PG,,['PG']
Myles Turner,4.4,9.2,2.4,3.0,1.5,6.5,1.0,0.9,3.4,1.4,12.6,31.0,47.0,C,,['C']
Seth Curry,4.5,9.7,1.2,1.4,2.2,2.4,2.7,0.8,0.1,1.1,12.5,28.7,57.0,SG,,['SG']
Aaron Gordon,4.6,10.0,1.9,3.0,1.2,5.7,3.2,0.7,0.7,1.9,12.4,27.7,50.0,PF,,['PF']
Aaron Gordon,5.1,11.7,2.6,4.2,1.7,6.6,4.2,0.6,0.8,2.7,14.6,29.4,25.0,PF,,['PF']
Aaron Gordon,4.1,8.2,1.2,1.8,0.7,4.7,2.2,0.7,0.6,1.2,10.2,25.9,25.0,PF,,['PF']
Kyle Anderson,4.5,9.5,2.1,2.7,1.4,5.7,3.6,1.2,0.8,1.2,12.4,27.3,69.0,PF,,['PF']
Brook Lopez,4.6,9.1,1.7,2.0,1.4,5.0,0.7,0.6,1.5,0.9,12.3,27.2,70.0,C,,['C']
Saddiq Bey,4.0,9.9,1.8,2.1,2.5,4.5,1.4,0.7,0.2,0.9,12.2,27.3,70.0,SF,,['SF']
Eric Bledsoe,4.3,10.3,1.9,2.7,1.7,3.4,3.8,0.8,0.3,1.6,12.2,29.7,71.0,SG,,['SG']
Kevin Love,4.1,10.1,1.7,2.0,2.3,7.4,2.5,0.6,0.1,1.5,12.2,24.9,25.0,PF,,['PF']
Joe Ingles,4.1,8.4,1.1,1.3,2.7,3.6,4.7,0.7,0.2,1.7,12.1,27.9,67.0,SF,,['SF']
Josh Richardson,4.5,10.5,1.7,1.8,1.5,3.3,2.6,1.0,0.4,1.3,12.1,30.3,59.0,SG,,['SG']
Thaddeus Young,5.4,9.7,1.0,1.7,0.2,6.2,4.3,1.1,0.6,2.0,12.1,24.3,68.0,PF,,['PF']
Jordan Poole,4.0,9.3,2.1,2.3,1.9,1.8,1.9,0.5,0.2,1.0,12.0,19.4,51.0,SG,,['SG']
Kevin Huerter,4.6,10.6,0.7,0.9,2.0,3.3,3.5,1.2,0.3,1.1,11.9,30.8,69.0,SG,,['SG']
Malik Monk,4.1,9.5,1.4,1.7,2.0,2.4,2.1,0.5,0.1,1.3,11.7,20.9,42.0,SG,,['SG']
Hamidou Diallo,4.3,9.0,2.5,3.8,0.5,5.2,1.9,0.8,0.5,1.5,11.6,23.6,52.0,SF,,['SF']
Hamidou Diallo,4.5,9.3,2.6,4.1,0.4,5.2,2.4,1.0,0.4,1.5,11.9,23.8,32.0,SG,,['SG']
Hamidou Diallo,4.1,8.7,2.3,3.4,0.8,5.4,1.2,0.5,0.6,1.4,11.2,23.3,20.0,SF,,['SF']
DÄvis BertÄns,3.4,8.4,1.8,2.0,3.0,2.9,0.9,0.6,0.2,0.6,11.5,25.7,57.0,PF,,['PF']
Jusuf NurkiÄ,4.6,9.0,1.9,3.1,0.3,9.0,3.4,1.0,1.1,2.0,11.5,23.8,37.0,C,,['C']
James Wiseman,4.9,9.4,1.4,2.2,0.3,5.8,0.7,0.3,0.9,1.5,11.5,21.4,39.0,C,,['C']
Rudy Gay,4.2,10.0,1.3,1.6,1.7,4.8,1.4,0.7,0.6,1.0,11.4,21.6,63.0,PF,,['PF']
Bobby Portis,4.7,9.1,0.8,1.1,1.1,7.1,1.1,0.8,0.4,0.8,11.4,20.8,66.0,C,,['C']
Immanuel Quickley,3.6,9.1,2.4,2.7,1.8,2.1,2.0,0.5,0.2,0.9,11.4,19.4,64.0,PG,,['PG']
Lou Williams,4.0,9.8,2.3,2.6,1.0,2.1,3.4,0.7,0.1,1.6,11.3,21.6,66.0,PG,,['PG']
Lou Williams,4.3,10.2,2.5,2.8,1.1,2.1,3.4,0.9,0.1,1.6,12.1,21.9,42.0,PG,,['PG']
Lou Williams,3.5,9.0,2.0,2.3,1.0,2.1,3.4,0.3,0.1,1.8,10.0,21.0,24.0,PG,,['PG']
Jae'Sean Tate,4.5,8.9,1.5,2.1,0.9,5.3,2.5,1.2,0.5,1.4,11.3,29.2,70.0,SF,,['SF']
Wendell Carter Jr.,4.3,8.5,2.4,3.3,0.3,8.2,1.9,0.6,0.8,1.4,11.2,25.5,54.0,C,,['C']
Wendell Carter Jr.,4.0,7.9,2.6,3.5,0.3,7.8,2.2,0.6,0.8,1.5,10.9,24.8,32.0,C,,['C']
Wendell Carter Jr.,4.6,9.3,2.2,3.1,0.3,8.8,1.6,0.8,0.8,1.3,11.7,26.5,22.0,C,,['C']
Armoni Brooks,3.9,9.6,0.4,0.6,3.0,3.4,1.5,0.6,0.3,1.1,11.2,26.0,20.0,SG,,['SG']
Enes Freedom,4.7,7.8,1.8,2.3,0.0,11.0,1.2,0.5,0.7,1.1,11.2,24.4,72.0,C,,['C']
Cam Reddish,3.7,10.1,2.6,3.2,1.3,4.0,1.3,1.3,0.3,1.3,11.2,28.8,26.0,SF,,['SF']
Naz Reid,4.3,8.3,1.6,2.4,0.9,4.6,1.0,0.5,1.1,1.0,11.2,19.2,70.0,C,,['C']
Lonnie Walker,4.3,10.2,1.0,1.2,1.7,2.6,1.7,0.5,0.3,1.1,11.2,25.4,60.0,SG,,['SG']
Serge Ibaka,4.5,8.9,1.0,1.3,1.0,6.7,1.8,0.2,1.1,1.1,11.1,23.3,41.0,C,,['C']
Blake Griffin,3.8,8.9,1.9,2.5,1.5,4.9,3.0,0.7,0.3,1.3,11.0,25.8,46.0,PF,,['PF']
Blake Griffin,4.1,11.1,2.2,3.1,2.0,5.2,3.9,0.7,0.1,1.6,12.3,31.3,20.0,PF,,['PF']
Blake Griffin,3.6,7.3,1.7,2.1,1.2,4.7,2.4,0.7,0.5,1.2,10.0,21.5,26.0,PF,,['PF']
Nickeil Alexander-Walker,4.2,10.0,1.0,1.4,1.7,3.1,2.2,1.0,0.5,1.5,11.0,21.9,46.0,SG,,['SG']
Jeff Green,3.8,7.8,1.8,2.4,1.5,3.9,1.6,0.5,0.4,0.8,11.0,27.0,68.0,PF,,['PF']
Dwayne Bacon,4.1,10.1,2.0,2.4,0.8,3.1,1.3,0.6,0.1,0.6,10.9,25.7,72.0,SG,,['SG']
Oshae Brissett,3.5,7.2,2.4,3.1,1.6,5.5,0.9,0.9,1.0,0.5,10.9,24.7,21.0,SF,,['SF']
Reggie Bullock,3.8,8.6,0.8,0.8,2.5,3.4,1.5,0.8,0.2,0.7,10.9,30.0,65.0,SF,,['SF']
Patty Mills,3.7,9.0,1.0,1.1,2.4,1.7,2.4,0.6,0.0,1.0,10.8,24.8,68.0,PG,,['PG']
Cameron Oliver,4.8,8.3,0.3,1.0,1.0,5.3,1.3,0.5,1.0,0.8,10.8,21.8,4.0,SF,,['SF']
Reggie Jackson,3.9,8.7,1.0,1.2,1.8,2.9,3.1,0.6,0.1,1.1,10.7,23.0,67.0,SG,,['SG']
Ty Jerome,3.9,8.7,0.8,1.0,2.2,2.8,3.6,0.6,0.2,1.4,10.7,23.9,33.0,SG,,['SG']
Grayson Allen,3.5,8.3,1.6,1.8,2.1,3.2,2.2,0.9,0.2,1.0,10.6,25.2,50.0,SG,,['SG']
Justin Holiday,3.6,8.7,0.9,1.2,2.4,3.6,1.7,1.0,0.6,0.8,10.5,30.3,72.0,SG,,['SG']
Donte DiVincenzo,3.8,9.1,0.8,1.1,2.0,5.8,3.1,1.1,0.2,1.4,10.4,27.5,66.0,SG,,['SG']
Cedi Osman,3.7,9.9,1.3,1.6,1.7,3.4,2.9,0.9,0.2,1.4,10.4,25.6,59.0,SF,,['SF']
Mason Plumlee,4.2,6.8,2.0,3.0,0.0,9.3,3.6,0.8,0.9,1.9,10.4,26.8,56.0,C,,['C']
Brandon Clarke,4.3,8.4,1.3,1.9,0.3,5.6,1.6,1.0,0.9,0.6,10.3,24.0,59.0,PF,,['PF']
Delon Wright,3.8,8.2,1.6,2.0,1.0,4.3,4.4,1.6,0.5,1.3,10.2,27.7,63.0,PG,,['PG']
Delon Wright,3.8,8.1,2.0,2.5,0.9,4.6,5.0,1.6,0.5,1.3,10.4,29.2,36.0,PG,,['PG']
Delon Wright,3.9,8.3,1.1,1.3,1.2,3.9,3.6,1.6,0.4,1.3,10.0,25.8,27.0,PG,,['PG']
Monte Morris,4.0,8.2,1.2,1.6,1.1,2.0,3.2,0.7,0.3,0.7,10.2,25.4,47.0,PG,,['PG']
Jae Crowder,3.3,8.2,1.0,1.3,2.5,4.7,2.1,0.8,0.5,0.9,10.1,27.5,60.0,PF,,['PF']
Jeremy Lamb,3.3,7.7,2.0,2.1,1.4,3.6,1.5,0.9,0.6,0.6,10.1,21.3,36.0,SG,,['SG']
ThÃ©o Maledon,3.5,9.4,1.6,2.1,1.6,3.2,3.5,0.9,0.2,2.2,10.1,27.4,65.0,PG,,['PG']
Elfrid Payton,4.3,9.9,1.2,1.7,0.4,3.4,3.2,0.7,0.1,1.6,10.1,23.6,63.0,PG,,['PG']
Bryn Forbes,3.6,7.6,0.7,0.9,2.2,1.6,0.6,0.3,0.0,0.6,10.0,19.3,70.0,SG,,['SG']
Gary Harris,3.5,8.8,1.6,2.0,1.2,2.0,2.0,0.7,0.3,0.9,9.9,27.7,39.0,SG,,['SG']
Gary Harris,3.6,8.2,1.2,1.6,1.3,2.5,1.7,0.9,0.2,0.7,9.7,30.6,19.0,SG,,['SG']
Gary Harris,3.5,9.5,2.1,2.4,1.2,1.6,2.3,0.6,0.4,1.2,10.2,25.0,20.0,SG,,['SG']
Dorian Finney-Smith,3.7,7.8,0.5,0.7,2.0,5.4,1.7,0.9,0.4,0.8,9.8,32.0,60.0,PF,,['PF']
Frank Jackson,3.4,7.3,1.5,1.9,1.5,2.2,0.9,0.4,0.0,0.9,9.8,18.5,40.0,PG,,['PG']
Otto Porter Jr.,3.5,8.1,1.3,1.5,1.4,5.4,2.0,0.6,0.1,0.9,9.7,21.6,28.0,SF,,['SF']
Otto Porter Jr.,3.6,8.1,1.2,1.5,1.5,5.5,2.0,0.5,0.2,1.0,9.9,21.6,25.0,SF,,['SF']
Otto Porter Jr.,3.0,8.3,1.7,1.7,0.3,4.7,1.7,1.3,0.0,0.0,8.0,22.0,3.0,PF,,['PF']
Kentavious Caldwell-Pope,3.3,7.6,1.4,1.7,1.8,2.7,1.9,0.9,0.4,1.0,9.7,28.4,67.0,SG,,['SG']
Mike Muscala,3.4,7.6,0.9,1.0,1.9,3.8,0.8,0.2,0.3,0.6,9.7,18.4,35.0,C,,['C']
Daniel Theis,3.9,7.2,1.1,1.7,0.8,5.5,1.7,0.6,0.9,1.0,9.6,24.6,65.0,C,,['C']
Daniel Theis,3.8,6.9,1.1,1.6,0.8,5.2,1.6,0.6,1.0,1.0,9.5,24.5,42.0,C,,['C']
Daniel Theis,4.0,7.7,1.2,1.9,0.7,5.9,1.8,0.7,0.6,1.1,10.0,25.0,23.0,C,,['C']
Wayne Ellington,3.2,7.3,0.6,0.8,2.5,1.8,1.5,0.4,0.2,0.7,9.6,22.0,46.0,SG,,['SG']
Cameron Johnson,3.4,8.1,0.8,1.0,2.0,3.3,1.4,0.6,0.3,0.7,9.6,24.0,60.0,PF,,['PF']
Isaac Okoro,3.5,8.3,1.7,2.3,0.9,3.1,1.9,0.9,0.4,1.3,9.6,32.4,67.0,SG,,['SG']
Taurean Prince,3.2,8.0,1.6,1.9,1.5,3.5,1.9,0.7,0.6,1.1,9.5,22.1,41.0,PF,,['PF']
Taurean Prince,2.5,6.2,2.0,2.3,1.1,2.8,0.6,0.7,0.7,0.9,8.1,18.2,12.0,PF,,['PF']
Taurean Prince,3.5,8.7,1.4,1.7,1.7,3.7,2.4,0.7,0.5,1.2,10.1,23.7,29.0,PF,,['PF']
Danny Green,3.2,7.9,0.4,0.6,2.5,3.8,1.7,1.3,0.8,1.0,9.5,28.0,69.0,SF,,['SF']
Eric Paschall,3.7,7.5,1.7,2.4,0.5,3.2,1.3,0.3,0.2,1.1,9.5,17.4,40.0,PF,,['PF']
Trevor Ariza,3.3,8.0,1.1,1.5,1.7,4.8,1.8,1.0,0.6,0.7,9.4,28.0,30.0,SF,,['SF']
Cody Zeller,3.8,6.8,1.8,2.5,0.1,6.8,1.8,0.6,0.4,1.1,9.4,20.9,48.0,C,,['C']
KJ Martin,3.6,7.1,1.3,1.9,0.8,5.4,1.1,0.7,0.9,0.8,9.3,23.7,45.0,SF,,['SF']
Larry Nance Jr.,3.7,7.8,0.9,1.4,1.2,6.7,3.1,1.7,0.5,1.6,9.3,31.2,35.0,PF,,['PF']
Landry Shamet,3.0,7.5,1.1,1.3,2.1,1.8,1.6,0.5,0.2,0.8,9.3,23.0,61.0,SG,,['SG']
Desmond Bane,3.4,7.3,0.6,0.7,1.7,3.1,1.7,0.6,0.2,0.9,9.2,22.3,68.0,SG,,['SG']
Josh Hart,3.2,7.3,1.5,1.9,1.3,8.0,2.3,0.8,0.3,1.0,9.2,28.7,47.0,SF,,['SF']
David Nwaba,3.5,7.3,1.6,2.3,0.6,3.9,1.0,1.0,0.7,0.6,9.2,22.6,30.0,SF,,['SF']
Patrick Williams,3.6,7.4,1.3,1.8,0.8,4.6,1.4,0.9,0.6,1.4,9.2,27.9,71.0,PF,,['PF']
Furkan Korkmaz,3.1,7.7,1.1,1.5,1.8,2.1,1.5,0.9,0.2,0.8,9.1,19.3,55.0,SG,,['SG']
De'Anthony Melton,3.3,7.6,0.8,1.0,1.7,3.1,2.5,1.2,0.6,1.3,9.1,20.1,52.0,PG,,['PG']
Talen Horton-Tucker,3.4,7.5,1.5,2.0,0.6,2.6,2.8,1.0,0.3,1.6,9.0,20.1,65.0,SG,,['SG']
Robin Lopez,3.8,6.0,1.4,1.9,0.1,3.8,0.8,0.2,0.6,1.1,9.0,19.1,71.0,C,,['C']
Paul Millsap,3.4,7.2,1.3,1.8,0.9,4.7,1.8,0.9,0.6,0.9,9.0,20.8,56.0,PF,,['PF']
Jaylen Nowell,3.4,8.0,1.1,1.3,1.2,2.3,1.5,0.5,0.3,0.7,9.0,18.1,42.0,SG,,['SG']
Ivica Zubac,3.6,5.5,1.9,2.4,0.0,7.2,1.3,0.3,0.9,1.1,9.0,22.3,72.0,C,,['C']
DeMarcus Cousins,3.2,7.4,1.4,2.0,1.1,6.4,1.9,0.8,0.6,1.6,8.9,17.4,41.0,C,,['C']
DeMarcus Cousins,3.2,8.4,1.8,2.4,1.6,7.6,2.4,0.8,0.7,1.6,9.6,20.2,25.0,C,,['C']
DeMarcus Cousins,3.2,5.9,0.9,1.4,0.5,4.5,1.0,0.8,0.4,1.6,7.8,12.9,16.0,C,,['C']
Bruce Brown,3.6,6.5,1.3,1.8,0.3,5.4,1.6,0.9,0.4,0.8,8.8,22.3,65.0,PG,,['PG']
Michael Carter-Williams,3.4,8.7,1.6,2.6,0.5,4.5,4.2,0.8,0.5,2.2,8.8,25.8,31.0,SG,,['SG']
Danuel House Jr.,3.1,7.6,1.1,1.8,1.5,3.7,1.9,0.6,0.4,1.0,8.8,25.9,36.0,SF,,['SF']
Jay Scrubb,3.5,9.0,1.3,1.3,0.5,3.5,0.3,1.0,0.0,1.8,8.8,21.0,4.0,SG,,['SG']
George Hill,3.2,6.6,1.3,1.7,1.0,2.0,2.4,0.8,0.2,1.0,8.7,22.4,30.0,PG,,['PG']
George Hill,4.4,8.6,1.5,1.8,1.6,2.1,3.1,0.9,0.1,0.9,11.8,26.4,14.0,PG,,['PG']
George Hill,2.1,4.8,1.2,1.6,0.6,2.0,1.9,0.7,0.2,1.2,6.0,18.9,16.0,PG,,['PG']
Terence Davis,3.2,7.5,0.7,0.9,1.6,2.5,1.4,0.7,0.2,1.0,8.7,17.6,61.0,SG,,['SG']
Terence Davis,2.6,6.2,0.5,0.5,1.3,1.9,1.1,0.5,0.2,0.9,6.9,14.5,34.0,SG,,['SG']
Terence Davis,4.0,9.1,1.1,1.4,2.0,3.3,1.7,1.0,0.3,1.3,11.1,21.5,27.0,SG,,['SG']
Raul Neto,3.3,7.0,1.2,1.3,1.0,2.4,2.3,1.1,0.1,0.8,8.7,21.9,64.0,PG,,['PG']
Isaiah Roby,3.4,7.0,1.4,1.9,0.5,5.6,1.8,0.9,0.6,1.9,8.7,23.4,61.0,PF,,['PF']
Dario Å ariÄ,3.1,6.8,1.7,2.0,0.9,3.8,1.3,0.6,0.1,1.1,8.7,17.4,50.0,C,,['C']
Moses Brown,3.4,6.2,1.8,2.9,0.0,8.9,0.2,0.7,1.1,1.0,8.6,21.4,43.0,C,,['C']
T.J. McConnell,4.0,7.1,0.5,0.7,0.2,3.7,6.6,1.9,0.3,2.0,8.6,26.0,69.0,PG,,['PG']
Jakob Poeltl,3.8,6.2,0.9,1.8,0.0,7.9,1.9,0.7,1.8,1.2,8.6,26.7,69.0,C,,['C']
Ricky Rubio,2.8,7.3,1.9,2.2,1.0,3.3,6.4,1.4,0.1,1.6,8.6,26.1,68.0,PG,,['PG']
Svi Mykhailiuk,3.2,7.7,0.6,0.8,1.6,2.5,1.7,0.8,0.2,1.3,8.5,20.1,66.0,SF,,['SF']
Svi Mykhailiuk,2.3,6.2,0.7,0.8,1.6,2.1,1.6,0.8,0.2,1.1,6.9,17.6,36.0,SF,,['SF']
Svi Mykhailiuk,4.1,9.4,0.5,0.7,1.6,3.0,1.8,0.8,0.2,1.6,10.3,23.0,30.0,SF,,['SF']
Robert Covington,2.9,7.3,0.7,0.9,1.9,6.7,1.7,1.4,1.2,0.9,8.5,32.0,70.0,PF,,['PF']
Gabriel Deck,3.2,6.7,1.8,2.2,0.2,4.0,2.4,0.8,0.0,0.6,8.4,21.2,10.0,PF,,['PF']
James Ennis,2.8,5.9,1.7,2.1,1.1,4.0,1.5,0.8,0.2,0.9,8.4,24.0,41.0,SF,,['SF']
Cameron Payne,3.2,6.6,0.8,0.9,1.2,2.4,3.6,0.6,0.3,1.0,8.4,18.0,60.0,PG,,['PG']
Luke Kennard,3.1,6.6,0.4,0.5,1.6,2.6,1.7,0.4,0.1,0.8,8.3,19.6,63.0,SG,,['SG']
Mitchell Robinson,3.7,5.7,0.8,1.7,0.0,8.1,0.5,1.1,1.5,0.8,8.3,27.5,31.0,C,,['C']
Cory Joseph,3.2,6.8,1.1,1.4,0.7,2.5,3.4,1.0,0.3,1.3,8.2,23.0,63.0,PG,,['PG']
Cory Joseph,2.5,5.7,0.8,1.1,0.7,2.3,2.5,0.9,0.2,1.0,6.6,21.5,44.0,PG,,['PG']
Cory Joseph,4.7,9.3,1.9,2.2,0.7,3.2,5.5,1.2,0.5,1.8,12.0,26.4,19.0,PG,,['PG']
Sterling Brown,2.9,6.6,0.5,0.6,1.8,4.4,1.4,0.7,0.2,0.8,8.2,24.1,51.0,SG,,['SG']
Aleksej Pokusevski,3.1,9.1,0.7,0.9,1.3,4.7,2.2,0.4,0.9,2.2,8.2,24.2,45.0,PF,,['PF']
Nicolas Batum,2.9,6.1,0.7,0.9,1.6,4.7,2.2,1.0,0.6,0.8,8.1,27.4,67.0,SF,,['SF']
JaMychal Green,3.0,6.4,0.8,1.0,1.4,4.8,0.9,0.4,0.4,0.9,8.1,19.3,58.0,PF,,['PF']
Hassan Whiteside,3.5,6.2,1.1,2.2,0.0,6.0,0.6,0.3,1.3,1.1,8.1,15.2,36.0,C,,['C']
Mo Bamba,3.1,6.5,1.0,1.4,0.8,5.8,0.8,0.3,1.3,0.8,8.0,15.8,46.0,C,,['C']
Tyrese Maxey,3.2,7.0,1.0,1.1,0.5,1.7,2.0,0.4,0.2,0.7,8.0,15.3,61.0,SG,,['SG']
Kenrich Williams,3.3,6.2,0.5,1.0,0.8,4.1,2.3,0.8,0.3,1.2,8.0,21.6,66.0,PF,,['PF']
Robert Williams,3.6,5.0,0.9,1.4,0.0,6.9,1.8,0.8,1.8,1.0,8.0,18.9,52.0,C,,['C']
Austin Rivers,2.9,6.8,0.6,0.9,1.5,2.3,2.3,0.8,0.1,1.0,7.9,23.5,36.0,SG,,['SG']
Austin Rivers,2.8,6.4,0.5,0.7,1.3,2.2,2.0,0.6,0.0,1.0,7.3,21.0,21.0,SG,,['SG']
Austin Rivers,3.1,7.3,0.8,1.1,1.8,2.3,2.6,1.2,0.1,0.9,8.7,26.9,15.0,SG,,['SG']
Isaiah Stewart,3.3,6.0,0.9,1.4,0.3,6.7,0.9,0.6,1.3,1.0,7.9,21.4,68.0,C,,['C']
Willy HernangÃ³mez,3.2,5.7,1.3,2.0,0.0,7.1,1.1,0.5,0.5,0.7,7.8,18.0,47.0,C,,['C']
Chuma Okeke,3.0,7.2,0.7,0.9,1.1,4.0,2.2,1.1,0.5,0.8,7.8,25.2,45.0,PF,,['PF']
Anfernee Simons,2.6,6.3,0.7,0.9,1.9,2.2,1.4,0.3,0.1,0.7,7.8,17.3,64.0,SG,,['SG']
D.J. Augustin,2.4,6.0,1.5,1.6,1.5,1.6,3.3,0.5,0.0,1.1,7.7,19.8,57.0,PG,,['PG']
D.J. Augustin,1.9,5.2,1.0,1.1,1.3,1.4,3.0,0.5,0.0,0.9,6.1,19.3,37.0,PG,,['PG']
D.J. Augustin,3.2,7.6,2.5,2.7,1.7,2.2,3.9,0.4,0.0,1.6,10.6,20.8,20.0,PG,,['PG']
Ben McLemore,2.5,6.9,0.7,1.0,1.8,1.9,0.7,0.4,0.2,0.8,7.7,17.1,53.0,SG,,['SG']
Ben McLemore,2.5,7.0,0.7,1.0,1.7,2.1,0.9,0.6,0.1,0.9,7.4,16.8,32.0,SG,,['SG']
Ben McLemore,2.6,6.7,0.8,1.0,2.0,1.6,0.5,0.1,0.3,0.7,8.0,17.5,21.0,SG,,['SG']
PJ Dozier,3.0,7.1,0.8,1.3,0.9,3.6,1.8,0.6,0.4,0.9,7.7,21.8,50.0,SG,,['SG']
Mike James,2.6,7.1,1.6,2.1,0.8,2.5,4.2,0.5,0.1,1.5,7.7,18.2,13.0,PG,,['PG']
Naji Marshall,2.6,6.5,1.7,2.3,0.9,4.6,2.8,0.8,0.3,1.2,7.7,21.9,32.0,SF,,['SF']
Payton Pritchard,2.8,6.3,0.6,0.7,1.5,2.4,1.8,0.6,0.1,0.8,7.7,19.2,66.0,SG,,['SG']
TomÃ¡Å¡ SatoranskÃ½,2.9,5.7,1.2,1.4,0.7,2.4,4.7,0.7,0.2,1.7,7.7,22.5,58.0,SG,,['SG']
Isaiah Thomas,3.0,9.0,0.7,0.7,1.0,1.3,1.7,0.3,0.0,2.0,7.7,16.0,3.0,PG,,['PG']
Steven Adams,3.3,5.3,1.0,2.3,0.0,8.9,1.9,0.9,0.7,1.3,7.6,27.7,58.0,C,,['C']
Garrett Temple,2.8,6.8,0.7,0.9,1.2,2.9,2.2,0.8,0.5,1.0,7.6,27.3,56.0,SG,,['SG']
Tristan Thompson,3.1,6.0,1.3,2.2,0.0,8.1,1.2,0.4,0.6,1.1,7.6,23.8,54.0,C,,['C']
Patrick Beverley,2.5,5.9,1.0,1.2,1.5,3.2,2.1,0.8,0.8,0.9,7.5,22.5,37.0,PG,,['PG']
Henry Ellenson,2.5,7.0,1.5,2.0,1.0,6.0,2.5,0.0,0.0,0.0,7.5,19.0,2.0,PF,,['PF']
Malachi Flynn,2.7,7.2,1.0,1.2,1.1,2.5,2.9,0.8,0.1,0.9,7.5,19.7,47.0,PG,,['PG']
Jaxson Hayes,2.9,4.7,1.6,2.0,0.1,4.3,0.6,0.4,0.6,0.7,7.5,16.1,60.0,C,,['C']
DeAndre Jordan,3.3,4.4,0.8,1.6,0.0,7.5,1.6,0.3,1.1,1.5,7.5,21.9,57.0,C,,['C']
Edmond Sumner,2.8,5.3,1.3,1.6,0.7,1.8,0.9,0.6,0.2,1.0,7.5,16.2,53.0,SG,,['SG']
JJ Redick,2.4,6.1,1.1,1.2,1.5,1.5,1.2,0.3,0.1,0.8,7.4,16.4,44.0,SG,,['SG']
JJ Redick,2.8,6.9,1.5,1.5,1.6,1.7,1.3,0.3,0.1,0.8,8.7,18.6,31.0,SG,,['SG']
JJ Redick,1.5,4.1,0.3,0.4,1.2,0.9,0.8,0.2,0.1,0.8,4.4,11.3,13.0,SG,,['SG']
Jalen Harris,2.8,5.5,0.5,0.7,1.3,1.4,1.3,0.6,0.0,1.1,7.4,13.2,13.0,SG,,['SG']
Jalen McDaniels,2.8,6.0,1.0,1.4,0.7,3.6,1.1,0.6,0.4,1.0,7.4,19.2,47.0,SF,,['SF']
JaVale McGee,3.1,6.1,1.0,1.5,0.1,5.2,0.8,0.4,1.2,1.3,7.3,14.7,46.0,C,,['C']
JaVale McGee,3.4,6.5,1.1,1.7,0.2,5.2,1.0,0.5,1.2,1.4,8.0,15.2,33.0,C,,['C']
JaVale McGee,2.5,5.2,0.6,0.9,0.0,5.3,0.5,0.2,1.1,1.2,5.5,13.5,13.0,C,,['C']
Louis King,2.8,5.7,1.0,1.0,0.7,3.0,1.5,1.2,0.5,0.7,7.3,14.2,6.0,SF,,['SF']
Khem Birch,2.8,5.7,1.4,1.9,0.2,5.8,1.3,0.7,0.7,0.7,7.2,22.8,67.0,C,,['C']
Khem Birch,2.0,4.4,1.3,1.8,0.1,5.1,1.1,0.7,0.6,0.5,5.3,19.8,48.0,C,,['C']
Khem Birch,5.0,9.0,1.5,2.3,0.5,7.6,1.9,0.8,1.2,1.1,11.9,30.4,19.0,C,,['C']
James Johnson,2.9,6.4,0.9,1.5,0.6,3.5,1.9,0.8,0.8,1.1,7.2,20.5,51.0,PF,,['PF']
James Johnson,2.3,5.0,0.6,1.0,0.5,3.0,1.7,0.8,0.8,0.9,5.7,17.4,29.0,PF,,['PF']
James Johnson,3.6,8.3,1.3,2.1,0.7,4.1,2.2,0.8,0.9,1.3,9.2,24.5,22.0,PF,,['PF']
Justin Jackson,2.6,6.5,0.9,1.1,1.1,2.3,1.5,0.4,0.1,0.9,7.2,17.0,34.0,SF,,['SF']
Justin Jackson,2.6,6.4,0.9,1.1,1.0,2.2,1.5,0.5,0.1,0.9,7.2,16.5,33.0,SF,,['SF']
Justin Jackson,3.0,9.0,1.0,2.0,2.0,6.0,1.0,0.0,0.0,1.0,9.0,33.0,1.0,SF,,['SF']
Kent Bazemore,2.6,5.9,0.8,1.2,1.1,3.4,1.6,1.0,0.5,1.2,7.2,19.9,67.0,SF,,['SF']
Juancho HernangÃ³mez,2.5,5.8,1.2,1.9,1.1,3.9,0.7,0.4,0.1,0.5,7.2,17.3,52.0,PF,,['PF']
Aaron Holiday,2.6,6.6,1.0,1.3,1.0,1.3,1.9,0.7,0.2,1.0,7.2,17.8,66.0,PG,,['PG']
Tony Bradley,3.1,4.7,0.9,1.3,0.0,5.7,0.9,0.4,0.7,0.8,7.1,16.3,42.0,C,,['C']
Tony Bradley,2.6,3.8,0.4,0.6,0.0,5.2,0.9,0.3,0.7,0.3,5.5,14.4,20.0,C,,['C']
Tony Bradley,3.6,5.5,1.4,2.0,0.0,6.1,0.9,0.4,0.8,1.2,8.7,18.0,22.0,C,,['C']
Dewayne Dedmon,2.9,4.1,1.3,1.7,0.1,5.4,0.8,0.6,0.4,0.8,7.1,13.1,16.0,C,,['C']
Maxi Kleber,2.3,5.5,0.7,0.7,1.7,5.2,1.4,0.5,0.7,0.6,7.1,26.8,50.0,PF,,['PF']
Ignas Brazdeikis,2.7,6.4,0.8,1.1,0.8,3.5,1.3,0.3,0.2,0.9,7.0,19.2,13.0,SF,,['SF']
Ignas Brazdeikis,0.0,0.3,0.5,0.5,0.0,0.5,0.3,0.0,0.0,0.3,0.5,1.8,4.0,SF,,['SF']
Ignas Brazdeikis,0.0,3.0,0.0,0.0,0.0,2.0,0.0,0.0,0.0,0.0,0.0,8.0,1.0,SF,,['SF']
Ignas Brazdeikis,4.4,9.9,1.0,1.5,1.4,5.1,2.0,0.5,0.4,1.4,11.1,29.3,8.0,SF,,['SF']
Daniel Gafford,2.9,4.2,1.3,2.0,0.0,4.3,0.5,0.5,1.4,0.8,7.0,14.6,54.0,C,,['C']
Daniel Gafford,1.9,2.8,0.9,1.3,0.0,3.3,0.5,0.4,1.1,0.7,4.7,12.4,31.0,C,,['C']
Daniel Gafford,4.1,6.0,2.0,2.9,0.0,5.6,0.5,0.7,1.8,0.8,10.1,17.7,23.0,C,,['C']
Draymond Green,2.7,6.0,1.1,1.4,0.5,7.1,8.9,1.7,0.8,3.0,7.0,31.5,63.0,PF,,['PF']
Dwight Howard,2.6,4.4,1.8,3.0,0.1,8.4,0.9,0.4,0.9,1.6,7.0,17.3,69.0,C,,['C']
Terance Mann,2.7,5.2,1.2,1.4,0.6,3.6,1.6,0.4,0.2,0.6,7.0,18.9,67.0,SG,,['SG']
Royce O'Neale,2.5,5.5,0.5,0.6,1.5,6.8,2.5,0.8,0.5,1.2,7.0,31.6,71.0,SF,,['SF']
R.J. Hampton,2.7,6.1,1.1,1.6,0.5,3.5,1.7,0.4,0.2,1.0,6.9,17.4,51.0,SG,,['SG']
R.J. Hampton,1.0,2.4,0.4,0.5,0.2,2.0,0.6,0.2,0.1,0.4,2.6,9.3,25.0,SG,,['SG']
R.J. Hampton,4.3,9.7,1.8,2.7,0.8,5.0,2.8,0.6,0.3,1.6,11.2,25.2,26.0,SG,,['SG']
Moritz Wagner,2.3,5.1,1.6,1.9,0.7,3.2,1.1,0.6,0.4,1.0,6.9,16.0,45.0,C,,['C']
Moritz Wagner,2.5,4.9,1.6,2.1,0.5,2.9,1.3,0.9,0.3,0.8,7.1,15.0,25.0,C,,['C']
Moritz Wagner,0.4,1.6,0.1,0.2,0.2,2.1,0.7,0.0,0.1,1.0,1.2,6.8,9.0,C,,['C']
Moritz Wagner,3.5,8.5,2.6,3.0,1.5,4.9,1.1,0.4,0.8,1.2,11.0,26.0,11.0,C,,['C']
Georges Niang,2.5,5.6,0.3,0.3,1.7,2.4,0.8,0.3,0.1,0.7,6.9,16.0,72.0,PF,,['PF']
Gorgui Dieng,2.2,4.3,1.5,1.8,0.8,3.7,1.3,0.7,0.4,0.8,6.8,14.5,38.0,C,,['C']
Gorgui Dieng,2.5,4.9,1.7,2.0,1.0,4.5,1.3,0.8,0.6,1.0,7.9,16.9,22.0,C,,['C']
Gorgui Dieng,1.8,3.4,1.3,1.5,0.4,2.6,1.2,0.6,0.1,0.6,5.3,11.3,16.0,C,,['C']
Pat Connaughton,2.4,5.6,0.4,0.6,1.5,4.8,1.2,0.7,0.3,0.5,6.8,22.8,69.0,SG,,['SG']
Killian Hayes,2.7,7.7,0.5,0.7,0.8,2.7,5.3,1.0,0.4,3.2,6.8,25.8,26.0,PG,,['PG']
Derrick Jones Jr.,2.5,5.2,1.0,1.6,0.7,3.5,0.8,0.6,0.9,0.6,6.8,22.7,58.0,SF,,['SF']
Jaden McDaniels,2.6,5.8,0.4,0.7,1.1,3.7,1.1,0.6,1.0,0.7,6.8,24.0,63.0,PF,,['PF']
Justise Winslow,2.8,8.1,0.8,1.3,0.4,4.5,1.9,0.6,0.5,1.4,6.8,19.5,26.0,SF,,['SF']
Dennis Smith Jr.,2.5,6.3,0.8,1.1,0.8,2.4,3.3,1.0,0.6,1.1,6.7,18.3,23.0,PG,,['PG']
Dennis Smith Jr.,0.7,3.3,1.7,2.0,0.0,0.7,1.0,1.0,0.0,0.3,3.0,9.3,3.0,PG,,['PG']
Dennis Smith Jr.,2.8,6.8,0.7,1.0,1.0,2.7,3.7,1.0,0.7,1.3,7.3,19.6,20.0,PG,,['PG']
Jeff Teague,2.2,5.2,1.6,1.9,0.7,1.6,2.4,0.6,0.2,1.2,6.7,17.3,55.0,PG,,['PG']
Jeff Teague,2.3,5.5,1.5,1.8,0.8,1.7,2.1,0.8,0.2,1.1,6.9,18.1,34.0,PG,,['PG']
Jeff Teague,2.1,4.6,1.8,2.1,0.5,1.5,2.8,0.4,0.2,1.2,6.6,15.9,21.0,PG,,['PG']
Spencer Dinwiddie,2.0,5.3,2.0,2.0,0.7,4.3,3.0,0.7,0.3,1.7,6.7,21.3,3.0,SG,,['SG']
Damyean Dotson,2.6,6.4,0.5,0.8,1.0,2.0,2.0,0.3,0.1,0.9,6.7,19.7,46.0,SG,,['SG']
Markieff Morris,2.5,6.2,0.6,0.8,1.1,4.4,1.2,0.4,0.3,0.9,6.7,19.7,61.0,PF,,['PF']
Abdel Nader,2.4,4.8,1.2,1.5,0.8,2.6,0.8,0.4,0.4,0.8,6.7,14.8,24.0,SF,,['SF']
Ish Smith,2.9,6.8,0.4,0.8,0.4,3.4,3.9,0.7,0.3,0.9,6.7,21.0,44.0,PG,,['PG']
Alex Len,2.7,4.3,1.1,1.8,0.1,4.1,0.8,0.3,1.0,0.9,6.6,15.3,64.0,C,,['C']
Alex Len,0.7,1.4,0.4,0.9,0.4,1.6,0.4,0.1,0.9,1.1,2.3,10.9,7.0,C,,['C']
Alex Len,2.9,4.7,1.2,1.9,0.1,4.4,0.8,0.3,1.0,0.8,7.1,15.8,57.0,C,,['C']
Trey Burke,2.4,5.7,0.8,0.9,0.9,0.9,1.3,0.6,0.1,0.5,6.6,14.7,62.0,PG,,['PG']
Nic Claxton,2.8,4.5,1.0,2.0,0.0,5.2,0.9,0.7,1.3,0.6,6.6,18.6,32.0,C,,['C']
Frank Kaminsky,2.6,5.5,0.8,1.3,0.7,4.0,1.7,0.3,0.4,0.5,6.6,15.2,47.0,C,,['C']
Xavier Tillman Sr.,2.8,5.1,0.6,0.9,0.4,4.3,1.3,0.7,0.6,0.8,6.6,18.4,59.0,PF,,['PF']
Nemanja Bjelica,2.4,5.3,1.0,1.4,0.7,3.4,1.9,0.4,0.1,0.9,6.5,16.1,37.0,PF,,['PF']
Nemanja Bjelica,2.7,5.8,1.2,1.6,0.7,3.8,1.9,0.3,0.1,1.1,7.2,16.9,26.0,PF,,['PF']
Nemanja Bjelica,1.8,4.2,0.5,0.8,0.9,2.5,1.8,0.6,0.3,0.5,5.0,14.2,11.0,PF,,['PF']
Marquese Chriss,2.5,7.0,1.0,2.0,0.5,6.5,1.0,0.0,1.0,1.0,6.5,13.5,2.0,PF,,['PF']
Damion Lee,2.2,4.8,0.7,0.8,1.4,3.2,1.3,0.7,0.1,0.5,6.5,18.9,57.0,SG,,['SG']
Chasson Randle,2.2,5.8,0.9,1.2,1.1,2.0,1.8,0.5,0.1,1.1,6.5,20.4,41.0,PG,,['PG']
Denzel Valentine,2.5,6.7,0.3,0.3,1.3,3.2,1.7,0.5,0.1,0.7,6.5,16.7,62.0,SG,,['SG']
Avery Bradley,2.4,6.3,0.4,0.6,1.2,2.1,1.7,0.8,0.1,1.0,6.4,22.3,27.0,SG,,['SG']
Avery Bradley,3.1,6.6,0.7,0.9,1.6,1.8,1.4,0.7,0.1,0.9,8.5,21.1,10.0,SG,,['SG']
Avery Bradley,1.9,6.2,0.3,0.4,1.0,2.3,1.9,0.8,0.1,1.1,5.2,23.0,17.0,SG,,['SG']
Alex Caruso,2.3,5.3,0.8,1.3,0.9,2.9,2.8,1.1,0.3,1.3,6.4,21.0,58.0,PG,,['PG']
Kira Lewis Jr.,2.4,6.2,0.8,0.9,0.7,1.3,2.3,0.7,0.2,0.6,6.4,16.7,54.0,PG,,['PG']
TimothÃ© Luwawu-Cabarrot,2.2,6.1,0.6,0.7,1.3,2.2,1.2,0.6,0.1,0.7,6.4,18.1,58.0,SF,,['SF']
Deni Avdija,2.4,5.8,0.5,0.8,1.0,4.9,1.2,0.6,0.3,0.6,6.3,23.3,54.0,SF,,['SF']
Tyus Jones,2.5,5.9,0.6,0.6,0.6,2.0,3.7,0.9,0.1,0.7,6.3,17.5,70.0,PG,,['PG']
Frank Mason,2.3,6.0,1.3,1.8,0.5,3.0,3.0,0.0,0.0,1.3,6.3,19.8,4.0,PG,,['PG']
Chimezie Metu,2.5,5.0,0.9,1.2,0.4,3.1,0.8,0.4,0.5,0.8,6.3,13.6,36.0,C,,['C']
Aron Baynes,2.5,5.7,0.5,0.8,0.5,5.2,0.9,0.3,0.4,0.9,6.1,18.5,53.0,C,,['C']
Facundo Campazzo,1.8,4.8,1.2,1.4,1.2,2.1,3.6,1.2,0.2,1.1,6.1,21.9,65.0,PG,,['PG']
Robert Franks,1.9,4.0,1.7,1.9,0.7,2.0,0.7,0.4,0.4,0.3,6.1,14.4,7.0,PF,,['PF']
Jaylen Hoard,2.3,4.6,1.5,2.2,0.0,3.4,1.3,0.7,0.3,0.9,6.1,16.8,19.0,SF,,['SF']
Max Strus,2.2,4.8,0.4,0.6,1.3,1.1,0.6,0.3,0.1,0.2,6.1,13.0,39.0,SF,,['SF']
Dakota Mathias,2.4,6.0,0.3,0.8,1.0,0.9,1.6,0.1,0.4,0.1,6.0,15.4,8.0,SG,,['SG']
Dean Wade,2.1,4.9,0.5,0.6,1.2,3.4,1.2,0.6,0.3,0.5,6.0,19.2,63.0,PF,,['PF']
Dwight Powell,2.1,3.3,1.7,2.1,0.1,4.0,1.1,0.6,0.5,0.7,5.9,16.7,58.0,C,,['C']
Drew Eubanks,2.1,3.8,1.4,2.0,0.0,4.5,0.8,0.3,0.9,0.8,5.8,14.0,54.0,C,,['C']
DeAndre' Bembry,2.3,4.5,0.9,1.3,0.3,2.9,2.1,1.0,0.4,1.4,5.7,19.1,51.0,SF,,['SF']
Rodney McGruder,2.3,4.4,0.4,0.5,0.7,1.4,1.0,0.5,0.1,0.4,5.7,12.1,16.0,SG,,['SG']
Jordan Nwora,2.1,4.5,0.6,0.8,0.9,2.0,0.2,0.5,0.2,0.8,5.7,9.1,30.0,SF,,['SF']
Juan Toscano-Anderson,2.3,3.9,0.4,0.6,0.7,4.4,2.8,0.8,0.5,1.2,5.7,20.9,53.0,SG,,['SG']
Yogi Ferrell,2.0,5.7,0.7,0.9,0.9,1.9,2.2,0.7,0.3,0.3,5.6,13.6,10.0,PG,,['PG']
Yogi Ferrell,4.0,10.5,0.0,1.0,1.5,3.5,2.5,1.5,0.5,1.5,9.5,20.0,2.0,PG,,['PG']
Yogi Ferrell,1.5,4.5,0.9,0.9,0.8,1.5,2.1,0.5,0.3,0.0,4.6,12.0,8.0,PG,,['PG']
Freddie Gillespie,2.2,4.2,1.2,1.7,0.0,4.9,0.5,0.7,1.0,0.6,5.6,19.6,20.0,PF,,['PF']
Donta Hall,1.9,2.7,1.8,2.6,0.0,4.8,0.8,0.4,0.8,0.6,5.6,13.8,13.0,PF,,['PF']
Saben Lee,2.1,4.4,1.3,1.9,0.2,2.0,3.6,0.7,0.3,1.1,5.6,16.3,48.0,PG,,['PG']
Mychal Mulder,2.0,4.4,0.2,0.4,1.4,1.0,0.4,0.2,0.2,0.3,5.6,12.8,60.0,PG,,['PG']
Torrey Craig,2.2,4.5,0.3,0.4,0.8,3.9,1.0,0.6,0.5,0.5,5.5,16.1,50.0,SF,,['SF']
Torrey Craig,1.0,2.6,0.1,0.1,0.4,2.4,0.9,0.5,0.4,0.3,2.5,11.2,18.0,SF,,['SF']
Torrey Craig,2.8,5.7,0.5,0.6,1.0,4.8,1.0,0.6,0.6,0.6,7.2,18.8,32.0,SF,,['SF']
Brad Wanamaker,1.9,4.9,1.5,1.7,0.3,1.7,2.9,0.7,0.2,1.2,5.5,17.3,61.0,PG,,['PG']
Brad Wanamaker,1.6,4.4,1.3,1.4,0.3,1.7,2.5,0.7,0.2,0.9,4.7,16.0,39.0,PG,,['PG']
Brad Wanamaker,2.5,5.7,1.8,2.0,0.1,1.8,3.4,0.8,0.2,1.5,6.9,19.5,22.0,PG,,['PG']
Jabari Parker,2.3,4.2,0.8,1.0,0.2,3.2,0.8,0.1,0.4,0.8,5.5,12.7,13.0,PF,,['PF']
Jabari Parker,1.3,2.3,0.0,0.0,0.0,2.0,0.3,0.0,0.3,1.0,2.7,9.0,3.0,PF,,['PF']
Jabari Parker,2.6,4.8,1.0,1.3,0.2,3.6,1.0,0.1,0.4,0.7,6.4,13.8,10.0,PF,,['PF']
Anthony Lamb,1.9,4.9,0.8,0.9,1.0,2.9,1.0,0.3,0.2,0.8,5.5,17.3,24.0,SF,,['SF']
Garrison Mathews,1.5,3.7,1.3,1.5,1.2,1.4,0.4,0.5,0.1,0.2,5.5,16.2,64.0,SG,,['SG']
Devin Vassell,2.0,4.9,0.7,0.8,0.8,2.8,0.9,0.7,0.3,0.4,5.5,17.0,62.0,SF,,['SF']
Rajon Rondo,2.1,4.8,0.4,0.4,0.8,2.4,4.4,0.8,0.1,1.8,5.4,17.1,45.0,PG,,['PG']
Rajon Rondo,1.6,4.1,0.0,0.1,0.6,2.0,3.5,0.7,0.1,1.4,3.9,14.9,27.0,PG,,['PG']
Rajon Rondo,2.8,5.8,0.8,0.8,1.1,3.1,5.8,1.0,0.1,2.2,7.6,20.4,18.0,PG,,['PG']
Derrick Favors,2.3,3.6,0.9,1.2,0.0,5.5,0.6,0.5,1.0,0.5,5.4,15.3,68.0,C,,['C']
Taj Gibson,2.2,3.5,0.9,1.2,0.1,5.6,0.8,0.7,1.1,0.5,5.4,20.8,45.0,C,,['C']
Tyler Johnson,1.8,4.7,0.5,0.5,1.2,2.0,1.2,0.4,0.0,0.4,5.4,17.5,39.0,SG,,['SG']
Jahlil Okafor,2.3,3.8,0.6,0.9,0.1,2.4,0.5,0.2,0.2,0.8,5.4,12.9,27.0,C,,['C']
Josh Okogie,1.7,4.3,1.4,1.8,0.5,2.6,1.1,0.9,0.5,0.7,5.4,20.3,59.0,SG,,['SG']
Justin Patton,2.2,5.4,0.2,0.3,0.7,3.8,1.1,0.9,1.1,0.3,5.4,19.0,13.0,C,,['C']
Jarred Vanderbilt,2.2,3.7,0.9,1.6,0.0,5.8,1.2,1.0,0.7,0.8,5.4,17.8,64.0,PF,,['PF']
Mason Jones,1.6,3.8,1.3,2.0,0.8,1.7,1.3,0.2,0.0,0.9,5.3,10.4,32.0,SG,,['SG']
Mason Jones,1.8,4.4,1.3,2.2,0.9,2.0,1.5,0.2,0.0,1.1,5.8,11.8,26.0,SG,,['SG']
Mason Jones,0.8,1.5,0.8,1.2,0.2,0.7,0.5,0.2,0.0,0.2,2.7,4.5,6.0,SG,,['SG']
Willie Cauley-Stein,2.2,3.4,0.9,1.5,0.0,4.5,0.7,0.4,0.8,0.5,5.3,17.1,53.0,C,,['C']
Jarrett Culver,2.0,4.9,0.9,1.4,0.4,3.1,0.7,0.5,0.3,0.8,5.3,14.7,34.0,SG,,['SG']
Glenn Robinson,1.8,4.3,0.9,1.0,0.7,2.0,0.9,0.2,0.1,0.5,5.3,16.0,23.0,SF,,['SF']
Tony Snell,1.9,3.6,0.2,0.2,1.3,2.4,1.3,0.3,0.2,0.4,5.3,21.1,47.0,SG,,['SG']
Maurice Harkless,1.9,4.5,0.9,1.2,0.6,2.4,1.2,0.8,0.5,0.6,5.2,20.9,37.0,SF,,['SF']
Maurice Harkless,0.5,1.2,0.0,0.2,0.5,1.2,0.6,0.2,0.4,0.3,1.4,11.3,11.0,SF,,['SF']
Maurice Harkless,2.5,5.8,1.3,1.6,0.7,2.9,1.4,1.1,0.6,0.7,6.9,24.9,26.0,PF,,['PF']
D.J. Wilson,1.9,4.8,0.5,0.7,0.9,3.2,0.7,0.3,0.5,0.6,5.2,12.4,35.0,PF,,['PF']
D.J. Wilson,1.3,3.6,0.1,0.2,0.8,2.1,0.3,0.1,0.3,0.3,3.6,8.8,12.0,PF,,['PF']
D.J. Wilson,2.3,5.4,0.7,1.0,0.9,3.8,0.9,0.4,0.5,0.8,6.1,14.3,23.0,PF,,['PF']
Alize Johnson,2.2,3.8,0.7,0.7,0.1,5.0,0.8,0.3,0.3,0.5,5.2,10.5,18.0,PF,,['PF']
Patrick Patterson,1.9,4.3,0.3,0.4,1.1,2.0,0.8,0.4,0.2,0.3,5.2,15.3,38.0,PF,,['PF']
Dylan Windler,1.8,4.2,0.7,0.9,0.8,3.5,1.1,0.6,0.4,1.0,5.2,16.5,31.0,SF,,['SF']
Isaiah Hartenstein,2.0,3.7,1.0,1.5,0.0,3.9,1.2,0.4,0.8,1.0,5.1,12.2,46.0,C,,['C']
Isaiah Hartenstein,1.4,2.7,0.7,1.2,0.0,2.8,0.5,0.4,0.7,0.7,3.5,9.1,30.0,C,,['C']
Isaiah Hartenstein,3.3,5.7,1.5,2.2,0.1,6.0,2.5,0.5,1.2,1.4,8.3,17.9,16.0,C,,['C']
Goga Bitadze,1.8,4.3,1.0,1.4,0.4,3.3,0.8,0.2,1.3,0.4,5.1,12.5,45.0,C,,['C']
Sekou Doumbouya,1.9,5.0,0.8,1.1,0.5,2.6,0.8,0.4,0.2,0.8,5.1,15.5,56.0,PF,,['PF']
Jake Layman,2.0,4.1,0.6,0.8,0.5,1.5,0.6,0.6,0.4,0.6,5.1,13.9,45.0,SF,,['SF']
Nerlens Noel,2.1,3.5,0.8,1.1,0.0,6.4,0.7,1.1,2.2,1.0,5.1,24.2,64.0,C,,['C']
Precious Achiuwa,2.0,3.7,0.9,1.8,0.0,3.4,0.5,0.3,0.5,0.7,5.0,12.1,61.0,PF,,['PF']
Bismack Biyombo,2.2,3.7,0.7,1.6,0.0,5.3,1.2,0.3,1.1,1.1,5.0,20.4,66.0,C,,['C']
Marc Gasol,1.7,3.7,0.7,1.0,1.0,4.1,2.1,0.5,1.1,1.0,5.0,19.1,52.0,C,,['C']
Trey Lyles,1.9,3.9,0.7,1.0,0.6,3.7,0.6,0.3,0.0,0.3,5.0,15.6,23.0,PF,,['PF']
Caleb Martin,1.8,4.8,0.8,1.2,0.6,2.7,1.3,0.7,0.2,0.6,5.0,15.4,53.0,SF,,['SF']
Jordan McLaughlin,2.0,4.7,0.5,0.6,0.6,2.1,3.8,1.0,0.1,1.0,5.0,18.4,51.0,PG,,['PG']
Tyler Cook,2.2,3.2,0.5,1.1,0.0,3.0,0.5,0.3,0.1,0.7,4.9,13.7,32.0,SF,,['SF']
Tyler Cook,0.3,0.8,0.0,0.0,0.0,0.5,0.5,0.0,0.0,0.3,0.5,4.3,4.0,PF,,['PF']
Tyler Cook,2.4,3.6,0.6,1.3,0.0,3.3,0.5,0.3,0.1,0.7,5.5,15.0,28.0,SF,,['SF']
Brandon Goodwin,1.8,4.7,0.6,0.9,0.7,1.5,2.0,0.4,0.0,0.8,4.9,13.2,47.0,PG,,['PG']
E'Twaun Moore,2.0,4.5,0.4,0.5,0.4,1.7,1.5,0.6,0.2,0.9,4.9,14.4,27.0,SG,,['SG']
Jerome Robinson,1.6,5.6,0.9,1.2,0.6,2.2,1.5,0.7,0.4,1.1,4.9,17.9,17.0,SG,,['SG']
Langston Galloway,1.7,3.7,0.6,0.6,0.9,1.1,0.7,0.2,0.0,0.3,4.8,11.0,40.0,SG,,['SG']
Wesley Matthews,1.5,4.3,0.6,0.7,1.1,1.6,0.9,0.7,0.3,0.4,4.8,19.5,58.0,SG,,['SG']
Gabe Vincent,1.8,4.7,0.4,0.5,0.9,1.1,1.3,0.4,0.0,0.7,4.8,13.1,50.0,PG,,['PG']
Damian Jones,1.8,2.6,1.1,1.5,0.0,3.1,0.7,0.3,0.7,0.7,4.7,14.0,39.0,C,,['C']
Damian Jones,0.6,1.1,0.4,0.8,0.0,1.3,0.3,0.1,0.4,0.4,1.6,6.7,14.0,C,,['C']
Damian Jones,2.0,2.1,1.4,1.5,0.0,3.3,0.1,0.1,0.9,0.6,5.4,14.0,8.0,C,,['C']
Damian Jones,2.7,4.1,1.5,2.1,0.1,4.5,1.4,0.5,1.0,0.9,6.9,20.1,17.0,C,,['C']
Troy Brown Jr.,1.8,4.2,0.4,0.6,0.6,3.1,0.9,0.3,0.2,0.6,4.7,15.4,34.0,SF,,['SF']
Troy Brown Jr.,1.6,4.2,0.5,0.7,0.7,2.9,0.9,0.1,0.2,0.8,4.3,13.7,21.0,SF,,['SF']
Troy Brown Jr.,2.2,4.2,0.4,0.5,0.6,3.4,0.8,0.5,0.2,0.4,5.5,18.2,13.0,SF,,['SF']
Boban MarjanoviÄ,1.9,3.7,0.9,1.2,0.0,3.9,0.3,0.1,0.2,0.4,4.7,8.2,33.0,C,,['C']
Aaron Nesmith,1.7,3.9,0.5,0.6,0.9,2.8,0.5,0.3,0.2,0.5,4.7,14.5,46.0,SF,,['SF']
Grant Williams,1.7,3.9,0.5,0.8,0.8,2.8,1.0,0.5,0.4,0.9,4.7,18.1,63.0,PF,,['PF']
Nassir Little,1.6,3.5,0.8,0.9,0.6,2.7,0.5,0.1,0.3,0.4,4.6,13.3,48.0,PF,,['PF']
Semi Ojeleye,1.6,3.9,0.4,0.6,1.0,2.6,0.7,0.3,0.0,0.4,4.6,17.0,56.0,PF,,['PF']
Onyeka Okongwu,1.9,3.0,0.7,1.1,0.0,3.3,0.4,0.5,0.7,0.6,4.6,12.0,50.0,C,,['C']
JaKarr Sampson,1.9,3.9,0.7,1.0,0.1,2.7,0.1,0.1,0.5,0.5,4.6,10.9,29.0,PF,,['PF']
Rodney Hood,1.7,4.7,0.4,0.5,0.6,1.9,1.0,0.4,0.1,0.7,4.5,17.1,55.0,SF,,['SF']
Rodney Hood,1.9,5.3,0.2,0.3,0.7,1.9,1.2,0.5,0.1,0.8,4.7,19.1,38.0,SF,,['SF']
Rodney Hood,1.2,3.5,0.9,0.9,0.5,1.8,0.4,0.2,0.2,0.3,3.9,12.7,17.0,SF,,['SF']
Solomon Hill,1.5,4.2,0.5,0.6,1.0,3.0,1.1,0.7,0.2,0.6,4.5,21.3,71.0,PF,,['PF']
Kelan Martin,1.8,3.9,0.3,0.3,0.7,2.2,0.5,0.3,0.3,0.5,4.5,9.2,35.0,SF,,['SF']
Al-Farouq Aminu,1.7,4.3,0.8,1.0,0.3,4.8,1.3,0.8,0.4,1.2,4.4,18.9,23.0,PF,,['PF']
Al-Farouq Aminu,2.1,5.2,0.8,1.0,0.4,5.4,1.7,1.0,0.5,1.5,5.5,21.6,17.0,PF,,['PF']
Al-Farouq Aminu,0.3,1.7,0.7,0.8,0.2,3.2,0.3,0.3,0.0,0.5,1.5,11.2,6.0,PF,,['PF']
Charlie Brown Jr.,1.4,4.8,1.0,1.1,0.6,1.9,1.0,0.4,0.2,0.7,4.4,16.9,9.0,SG,,['SG']
Andre Iguodala,1.5,3.9,0.4,0.6,1.0,3.5,2.3,0.9,0.6,1.1,4.4,21.3,63.0,SF,,['SF']
Stanley Johnson,1.5,3.8,0.7,0.9,0.7,2.5,1.5,0.9,0.3,0.9,4.4,16.5,61.0,PF,,['PF']
Yuta Watanabe,1.6,3.6,0.5,0.6,0.7,3.2,0.8,0.5,0.4,0.4,4.4,14.5,50.0,SF,,['SF']
Chandler Hutchison,1.6,4.1,0.8,1.0,0.3,3.1,0.7,0.5,0.2,0.8,4.3,13.8,25.0,SF,,['SF']
Chandler Hutchison,0.7,2.6,0.3,0.3,0.1,2.9,0.6,0.1,0.0,0.7,1.9,9.1,7.0,SF,,['SF']
Chandler Hutchison,1.9,4.7,1.1,1.3,0.4,3.2,0.7,0.6,0.3,0.8,5.2,15.7,18.0,SF,,['SF']
Devin Cannady,1.4,3.5,0.8,0.9,0.8,0.6,0.1,0.6,0.1,0.3,4.3,9.3,8.0,PG,,['PG']
John Konchar,1.6,3.2,0.6,0.7,0.5,3.0,1.1,0.7,0.2,0.4,4.3,13.4,43.0,SG,,['SG']
Mike Scott,1.5,4.1,0.2,0.2,1.0,2.4,0.8,0.5,0.3,0.4,4.2,16.7,51.0,PF,,['PF']
DaQuan Jeffries,1.6,3.9,0.2,0.3,0.6,2.3,0.7,0.5,0.3,0.5,4.1,15.9,31.0,SG,,['SG']
DaQuan Jeffries,1.3,3.2,0.3,0.4,0.5,1.6,0.3,0.4,0.2,0.4,3.5,12.9,18.0,SG,,['SG']
DaQuan Jeffries,2.0,4.8,0.1,0.1,0.8,3.2,1.2,0.6,0.5,0.5,4.9,20.1,13.0,SG,,['SG']
Jevon Carter,1.6,3.7,0.1,0.1,0.9,1.5,1.2,0.5,0.2,0.3,4.1,12.0,60.0,PG,,['PG']
Josh Hall,1.4,4.7,1.0,2.1,0.2,2.8,1.3,0.2,0.0,1.2,4.1,16.0,21.0,SF,,['SF']
Kevon Looney,1.8,3.2,0.5,0.8,0.1,5.3,2.0,0.3,0.4,0.6,4.1,19.0,61.0,C,,['C']
Nico Mannion,1.3,3.8,0.8,0.9,0.7,1.5,2.3,0.5,0.0,1.0,4.1,12.1,30.0,PG,,['PG']
Darius Miller,1.2,2.7,0.7,0.7,0.9,1.3,1.2,0.7,0.3,0.4,4.1,10.9,18.0,SF,,['SF']
Lamar Stevens,1.6,3.4,0.9,1.3,0.1,2.4,0.6,0.4,0.3,0.6,4.1,12.5,40.0,PF,,['PF']
Obi Toppin,1.7,3.4,0.3,0.4,0.4,2.2,0.5,0.3,0.2,0.4,4.1,11.0,62.0,PF,,['PF']
Paul Watson,1.4,3.0,0.2,0.3,1.1,1.7,0.6,0.2,0.1,0.3,4.1,11.0,27.0,SF,,['SF']
Jordan Bone,1.6,3.9,0.0,0.0,0.7,1.7,1.3,0.1,0.0,0.2,4.0,14.0,14.0,PG,,['PG']
Chris Chiozza,1.4,4.0,0.6,0.8,0.6,1.1,3.0,0.3,0.3,0.7,4.0,10.5,22.0,PG,,['PG']
Carsen Edwards,1.5,3.6,0.4,0.4,0.6,0.8,0.5,0.2,0.0,0.2,4.0,8.9,31.0,SG,,['SG']
Udonis Haslem,2.0,2.0,0.0,0.0,0.0,1.0,0.0,0.0,0.0,0.0,4.0,3.0,1.0,C,,['C']
Cody Martin,1.6,3.6,0.5,0.8,0.3,3.1,1.7,0.7,0.2,0.8,4.0,16.3,52.0,SF,,['SF']
Brodric Thomas,1.2,3.4,1.0,1.4,0.5,1.7,0.9,0.5,0.3,0.7,3.9,12.5,32.0,SG,,['SG']
Brodric Thomas,0.5,1.8,1.3,1.8,0.3,1.0,1.0,0.3,0.3,1.0,2.5,6.0,4.0,SG,,['SG']
Brodric Thomas,1.3,3.6,0.9,1.4,0.5,1.8,0.9,0.5,0.3,0.6,4.1,13.4,28.0,SG,,['SG']
Justin James,1.4,3.1,0.6,1.0,0.4,0.8,0.6,0.2,0.1,0.4,3.9,8.6,36.0,SF,,['SF']
Kevin Knox,1.3,3.4,0.4,0.5,0.8,1.5,0.5,0.3,0.1,0.4,3.9,11.0,42.0,SF,,['SF']
Matisse Thybulle,1.6,3.7,0.1,0.3,0.7,1.9,1.0,1.6,1.1,0.5,3.9,20.0,65.0,SG,,['SG']
Dante Exum,1.7,4.3,0.2,0.3,0.3,2.8,2.2,0.7,0.3,1.2,3.8,19.3,6.0,SG,,['SG']
Ersan Ä°lyasova,1.2,3.2,0.3,0.3,1.1,1.7,0.2,0.6,0.2,0.5,3.8,8.7,17.0,PF,,['PF']
Nathan Knight,1.1,3.0,1.3,1.7,0.2,2.2,0.2,0.3,0.3,0.5,3.8,8.5,33.0,PF,,['PF']
Thon Maker,1.3,2.3,1.3,1.4,0.0,2.3,0.5,0.3,0.5,0.4,3.8,9.5,8.0,C,,['C']
Skylar Mays,1.3,3.0,0.7,0.8,0.4,1.1,0.9,0.4,0.1,0.3,3.8,8.2,33.0,SG,,['SG']
Tremont Waters,1.3,3.2,0.6,0.7,0.6,0.8,2.4,0.6,0.0,1.0,3.8,9.2,26.0,PG,,['PG']
P.J. Tucker,1.3,3.4,0.4,0.5,0.8,3.9,1.2,0.8,0.4,0.8,3.7,26.1,52.0,PF,,['PF']
P.J. Tucker,1.5,4.1,0.6,0.7,0.8,4.6,1.4,0.9,0.6,1.0,4.4,30.0,32.0,PF,,['PF']
P.J. Tucker,0.9,2.3,0.2,0.3,0.7,2.8,0.8,0.5,0.1,0.4,2.6,19.9,20.0,PF,,['PF']
Isaiah Joe,1.2,3.2,0.4,0.6,1.0,0.9,0.5,0.3,0.1,0.3,3.7,9.3,41.0,SG,,['SG']
Luka Å amaniÄ,1.4,3.2,0.5,0.9,0.4,2.1,0.5,0.2,0.2,0.6,3.7,9.3,33.0,PF,,['PF']
Javonte Green,1.3,2.5,0.7,1.0,0.2,1.7,0.4,0.7,0.1,0.5,3.6,11.5,41.0,SF,,['SF']
Javonte Green,1.6,2.8,0.8,1.2,0.3,2.1,0.4,0.7,0.1,0.5,4.2,13.8,25.0,SF,,['SF']
Javonte Green,0.9,1.9,0.6,0.6,0.2,1.2,0.4,0.6,0.3,0.4,2.6,8.0,16.0,SG,,['SG']
Luke Kornet,1.4,3.3,0.1,0.2,0.5,2.2,0.8,0.1,1.0,0.2,3.4,11.2,31.0,C,,['C']
Luke Kornet,0.7,2.1,0.2,0.3,0.5,1.2,0.3,0.2,0.5,0.1,2.0,7.2,13.0,C,,['C']
Luke Kornet,1.9,4.1,0.1,0.1,0.5,2.9,1.1,0.1,1.4,0.3,4.4,14.1,18.0,C,,['C']
Wenyen Gabriel,1.1,2.9,0.5,0.8,0.6,2.6,0.5,0.4,0.4,0.7,3.4,11.5,21.0,PF,,['PF']
Paul Reed,1.6,3.0,0.2,0.3,0.0,2.3,0.5,0.4,0.5,0.5,3.4,6.8,26.0,PF,,['PF']
Quinn Cook,1.3,3.0,0.3,0.3,0.5,0.7,0.8,0.2,0.0,0.3,3.3,6.8,23.0,PG,,['PG']
Quinn Cook,0.8,1.6,0.3,0.3,0.3,0.3,0.3,0.1,0.1,0.2,2.1,3.9,16.0,PG,,['PG']
Quinn Cook,2.4,6.0,0.4,0.4,0.9,1.7,1.9,0.4,0.0,0.6,6.1,13.6,7.0,PG,,['PG']
Meyers Leonard,1.0,2.3,0.3,0.7,1.0,2.3,0.7,0.0,0.0,0.7,3.3,9.7,3.0,C,,['C']
Amir Coffey,1.0,2.3,0.6,0.9,0.5,1.0,0.5,0.2,0.0,0.3,3.2,9.0,44.0,SG,,['SG']
Zeke Nnaji,1.2,2.5,0.3,0.4,0.6,1.5,0.2,0.2,0.1,0.2,3.2,9.5,42.0,PF,,['PF']
Killian Tillie,1.1,3.2,0.5,0.6,0.6,1.3,0.4,0.3,0.4,0.1,3.2,10.1,18.0,C,,['C']
Matt Thomas,1.1,2.8,0.3,0.3,0.6,1.0,0.4,0.1,0.0,0.3,3.1,7.2,45.0,SG,,['SG']
Matt Thomas,0.9,2.4,0.2,0.3,0.7,0.8,0.3,0.1,0.0,0.2,2.7,7.4,26.0,SG,,['SG']
Matt Thomas,1.4,3.4,0.3,0.4,0.5,1.2,0.5,0.1,0.0,0.4,3.6,7.1,19.0,SG,,['SG']
Gary Clark,1.0,3.4,0.2,0.3,0.8,2.9,0.8,0.3,0.2,0.4,3.1,16.8,39.0,SF,,['SF']
Gary Clark,1.1,3.7,0.2,0.3,0.9,3.2,0.9,0.3,0.2,0.5,3.4,18.2,35.0,SF,,['SF']
Gary Clark,0.0,0.0,0.0,0.0,0.0,0.5,0.0,0.0,0.0,0.0,0.0,2.0,2.0,SF,,['SF']
Gary Clark,0.0,0.5,0.0,0.0,0.0,1.0,0.5,0.5,0.0,0.0,0.0,6.5,2.0,PF,,['PF']
Ryan Arcidiacono,1.1,2.7,0.3,0.5,0.6,1.5,1.3,0.2,0.0,0.2,3.1,10.2,44.0,PG,,['PG']
Mamadi Diakite,1.1,2.9,0.8,1.0,0.1,2.4,0.6,0.5,0.4,0.2,3.1,10.1,14.0,PF,,['PF']
Anthony Gill,1.2,2.3,0.5,0.6,0.3,2.0,0.4,0.4,0.2,0.3,3.1,8.4,26.0,PF,,['PF']
Romeo Langford,1.2,3.3,0.5,0.7,0.3,1.9,0.7,0.3,0.3,0.6,3.1,15.7,18.0,SG,,['SG']
Alfonzo McKinnie,1.2,2.4,0.3,0.5,0.4,1.4,0.2,0.2,0.0,0.1,3.1,6.6,39.0,SF,,['SF']
Jahmi'us Ramsey,1.2,2.9,0.4,0.4,0.4,0.8,0.5,0.3,0.1,0.2,3.1,7.2,13.0,SG,,['SG']
Cameron Reynolds,1.2,3.6,0.0,0.0,0.6,1.0,0.4,0.0,0.0,0.0,3.0,8.0,5.0,SF,,['SF']
Cameron Reynolds,0.3,0.7,0.0,0.0,0.0,0.0,0.0,0.0,0.0,0.0,0.7,2.0,3.0,SF,,['SF']
Cameron Reynolds,2.5,8.0,0.0,0.0,1.5,2.5,1.0,0.0,0.0,0.0,6.5,17.0,2.0,SF,,['SF']
NicolÃ² Melli,1.0,3.1,0.4,0.6,0.5,2.7,1.0,0.3,0.1,0.3,3.0,12.6,45.0,PF,,['PF']
NicolÃ² Melli,0.7,2.7,0.3,0.3,0.3,2.6,1.1,0.4,0.0,0.3,2.0,11.0,22.0,PF,,['PF']
NicolÃ² Melli,1.3,3.6,0.6,0.8,0.7,2.8,0.8,0.2,0.1,0.2,4.0,14.1,23.0,PF,,['PF']
Sam Merrill,1.1,2.4,0.1,0.1,0.7,1.0,0.7,0.3,0.0,0.3,3.0,7.8,30.0,SG,,['SG']
Reggie Perry,1.2,3.0,0.4,0.5,0.2,2.8,0.5,0.2,0.2,0.6,3.0,8.1,26.0,PF,,['PF']
Thanasis Antetokounmpo,1.2,2.4,0.4,0.9,0.1,2.2,0.8,0.4,0.2,0.8,2.9,9.7,57.0,SF,,['SF']
Trent Forrest,1.1,2.4,0.6,0.6,0.2,1.5,1.5,0.3,0.1,0.7,2.9,10.1,30.0,PG,,['PG']
Bruno Caboclo,1.3,2.8,0.2,0.3,0.0,2.3,0.2,0.0,0.3,0.7,2.8,6.0,6.0,PF,,['PF']
Matthew Dellavedova,1.1,4.3,0.3,0.3,0.3,1.8,4.5,0.3,0.1,0.5,2.8,17.2,13.0,PG,,['PG']
Harry Giles,1.1,2.6,0.4,0.7,0.2,3.5,0.8,0.2,0.3,0.5,2.8,9.2,38.0,C,,['C']
Kyle Guy,0.9,2.8,0.5,0.6,0.4,1.1,1.0,0.2,0.0,0.4,2.8,7.6,31.0,PG,,['PG']
Markus Howard,1.1,2.9,0.2,0.2,0.5,0.6,0.5,0.1,0.0,0.5,2.8,5.5,37.0,SG,,['SG']
Didi Louzada,1.0,4.3,0.0,0.0,0.7,1.0,1.0,0.7,0.0,1.0,2.7,18.7,3.0,SF,,['SF']
Frank Ntilikina,0.9,2.4,0.2,0.5,0.7,0.9,0.6,0.5,0.1,0.3,2.7,9.8,33.0,PG,,['PG']
Keita Bates-Diop,1.0,2.2,0.5,0.7,0.2,1.6,0.4,0.4,0.2,0.2,2.6,8.2,30.0,SF,,['SF']
Amida Brimah,1.0,1.6,0.6,0.6,0.0,1.6,0.2,0.0,1.0,0.8,2.6,5.8,5.0,C,,['C']
Josh Green,1.1,2.4,0.3,0.6,0.1,2.0,0.7,0.4,0.1,0.4,2.6,11.4,39.0,SG,,['SG']
Grant Riller,1.1,1.7,0.0,0.0,0.3,0.1,0.4,0.1,0.0,0.1,2.6,3.9,7.0,PG,,['PG']
Anderson VarejÃ£o,0.8,3.2,1.0,1.8,0.0,4.0,0.6,0.0,0.4,0.2,2.6,7.2,5.0,C,,['C']
Jordan Bell,1.2,3.7,0.2,0.3,0.0,4.0,1.2,0.5,0.8,0.7,2.5,13.7,6.0,C,,['C']
Jordan Bell,1.4,4.0,0.0,0.0,0.0,3.8,1.0,0.6,0.6,0.6,2.8,13.4,5.0,C,,['C']
Jordan Bell,0.0,2.0,1.0,2.0,0.0,5.0,2.0,0.0,2.0,1.0,1.0,15.0,1.0,C,,['C']
Tacko Fall,1.1,1.5,0.3,0.8,0.0,2.7,0.2,0.1,1.1,0.3,2.5,7.2,19.0,C,,['C']
Rondae Hollis-Jefferson,0.8,1.6,0.8,1.5,0.0,2.4,1.2,0.2,0.4,0.2,2.5,9.7,11.0,PF,,['PF']
Tre Jones,1.0,2.1,0.5,0.5,0.1,0.6,1.1,0.2,0.0,0.4,2.5,7.3,37.0,PG,,['PG']
KZ Okpala,1.0,2.6,0.2,0.4,0.3,1.8,0.5,0.3,0.3,0.4,2.5,12.1,37.0,PF,,['PF']
Gary Payton,1.0,1.3,0.3,0.4,0.2,1.1,0.1,0.6,0.1,0.1,2.5,4.0,10.0,PG,,['PG']
Mfiondu Kabengele,0.8,2.3,0.4,0.5,0.3,1.5,0.4,0.2,0.3,0.4,2.4,7.2,39.0,PF,,['PF']
Mfiondu Kabengele,0.4,1.4,0.2,0.3,0.2,0.6,0.2,0.1,0.1,0.3,1.2,4.1,23.0,PF,,['PF']
Mfiondu Kabengele,1.5,3.6,0.7,0.9,0.6,2.9,0.8,0.4,0.6,0.6,4.3,11.6,16.0,PF,,['PF']
Wes Iwundu,0.8,2.5,0.6,0.8,0.1,2.2,0.4,0.4,0.1,0.5,2.4,13.1,41.0,SF,,['SF']
Wes Iwundu,0.7,2.3,0.5,0.6,0.1,1.9,0.4,0.4,0.1,0.3,2.1,12.5,23.0,SF,,['SF']
Wes Iwundu,0.9,2.8,0.8,0.9,0.1,2.6,0.4,0.3,0.1,0.7,2.8,13.9,18.0,SF,,['SF']
Vernon Carey Jr.,0.9,1.9,0.5,0.6,0.1,1.4,0.1,0.1,0.3,0.3,2.4,6.1,19.0,C,,['C']
Jeremiah Martin,1.0,3.7,0.1,0.6,0.3,0.8,0.4,0.6,0.2,0.7,2.4,8.3,9.0,PG,,['PG']
Rayjon Tucker,0.6,1.3,1.0,1.4,0.1,0.8,0.4,0.1,0.0,0.3,2.4,4.9,14.0,PG,,['PG']
Jarrell Brantley,0.9,1.9,0.1,0.1,0.4,1.0,0.5,0.3,0.1,0.3,2.3,4.9,28.0,PF,,['PF']
CJ Elleby,0.8,2.2,0.4,0.5,0.2,1.1,0.3,0.2,0.1,0.2,2.3,6.4,30.0,SF,,['SF']
Justin Robinson,0.8,2.3,0.3,0.6,0.4,0.8,1.0,0.3,0.0,0.2,2.3,9.8,9.0,PG,,['PG']
Quinndary Weatherspoon,0.8,1.8,0.7,0.8,0.1,0.6,0.4,0.4,0.1,0.5,2.3,6.1,20.0,SG,,['SG']
Bol Bol,0.8,1.8,0.3,0.5,0.3,0.8,0.2,0.1,0.3,0.4,2.2,5.0,32.0,PF,,['PF']
Sean McDermott,0.7,1.8,0.4,0.4,0.3,1.1,0.2,0.1,0.2,0.2,2.2,8.8,18.0,SF,,['SF']
Shaquille Harrison,0.8,2.3,0.5,0.6,0.1,1.4,0.7,0.5,0.1,0.3,2.1,9.8,34.0,SG,,['SG']
Shaquille Harrison,0.4,1.2,0.3,0.4,0.0,0.5,0.5,0.1,0.0,0.3,1.0,3.3,17.0,SG,,['SG']
Shaquille Harrison,1.2,3.4,0.8,0.9,0.2,2.3,0.9,0.9,0.3,0.4,3.3,16.3,17.0,SG,,['SG']
Chris Silva,0.7,1.1,0.7,1.0,0.1,1.8,0.4,0.1,0.4,0.7,2.1,6.1,15.0,PF,,['PF']
Chris Silva,0.8,1.2,1.0,1.4,0.1,2.3,0.5,0.1,0.5,0.8,2.7,7.5,11.0,PF,,['PF']
Chris Silva,0.3,0.8,0.0,0.0,0.0,0.5,0.0,0.0,0.3,0.3,0.5,2.3,4.0,PF,,['PF']
Vlatko ÄanÄar,0.8,1.8,0.2,0.3,0.2,1.2,0.3,0.3,0.0,0.3,2.1,6.9,41.0,PF,,['PF']
Ed Davis,0.8,1.9,0.4,0.5,0.0,5.0,0.9,0.6,0.6,0.3,2.1,13.0,23.0,C,,['C']
Devon Dotson,1.0,1.9,0.0,0.0,0.1,0.5,0.6,0.4,0.0,0.0,2.1,4.5,11.0,PG,,['PG']
Deividas Sirvydis,0.7,2.0,0.2,0.3,0.5,1.5,0.3,0.1,0.0,0.3,2.1,6.7,20.0,SG,,['SG']
Sindarius Thornwell,0.7,2.2,0.2,0.4,0.3,0.9,1.0,0.6,0.1,0.3,2.0,10.3,21.0,SG,,['SG']
Sindarius Thornwell,0.5,1.5,0.0,0.1,0.2,0.4,0.3,0.4,0.1,0.3,1.2,5.2,14.0,SG,,['SG']
Sindarius Thornwell,1.1,3.6,0.6,0.9,0.6,1.9,2.4,1.1,0.1,0.4,3.4,20.6,7.0,SG,,['SG']
Isaac Bonga,0.8,2.0,0.1,0.2,0.3,1.7,0.6,0.3,0.2,0.6,2.0,10.8,40.0,SF,,['SF']
Devontae Cacok,0.9,1.5,0.3,0.6,0.0,1.6,0.1,0.3,0.2,0.3,2.0,4.9,20.0,PF,,['PF']
Nate Hinton,0.7,2.0,0.3,0.5,0.2,0.4,0.4,0.3,0.1,0.2,2.0,4.4,21.0,SG,,['SG']
Jontay Porter,0.7,1.4,0.3,0.5,0.3,1.3,0.1,0.3,0.1,0.6,2.0,4.9,11.0,PF,,['PF']
Jalen Smith,0.8,1.9,0.2,0.3,0.1,1.4,0.1,0.0,0.2,0.3,2.0,5.8,27.0,PF,,['PF']
Ray Spalding,1.0,2.0,0.0,1.0,0.0,2.0,0.0,0.0,1.0,1.5,2.0,9.5,2.0,C,,['C']
Miye Oni,0.6,1.8,0.1,0.1,0.6,1.6,0.5,0.2,0.1,0.3,1.9,9.6,54.0,SG,,['SG']
Alen SmailagiÄ,0.7,1.8,0.1,0.4,0.3,1.1,0.3,0.2,0.3,0.3,1.9,5.6,15.0,PF,,['PF']
Cassius Winston,0.6,1.5,0.2,0.3,0.4,0.4,0.5,0.1,0.0,0.2,1.9,4.5,22.0,PG,,['PG']
Daniel Oturu,0.7,1.7,0.3,0.4,0.0,1.6,0.3,0.1,0.2,0.3,1.8,5.4,30.0,C,,['C']
Axel Toupane,0.5,1.4,0.6,0.9,0.1,0.8,0.5,0.3,0.4,0.0,1.8,7.6,8.0,SF,,['SF']
Elijah Hughes,0.6,1.7,0.2,0.2,0.4,0.5,0.3,0.1,0.1,0.3,1.7,3.6,18.0,SF,,['SF']
T.J. Leaf,0.7,1.4,0.3,0.3,0.0,0.7,0.1,0.3,0.1,0.3,1.7,5.0,7.0,PF,,['PF']
James Nunnally,0.6,1.4,0.1,0.2,0.4,1.0,0.3,0.0,0.0,0.2,1.7,5.3,9.0,SF,,['SF']
Tim Frazier,0.6,4.0,0.4,1.2,0.0,1.6,3.2,0.4,0.2,0.8,1.6,12.4,5.0,PG,,['PG']
Rodions Kurucs,0.5,1.5,0.1,0.2,0.3,1.1,0.5,0.4,0.2,0.6,1.5,6.0,21.0,PF,,['PF']
Rodions Kurucs,0.2,0.6,0.0,0.0,0.2,0.6,0.4,0.0,0.0,0.0,0.6,3.2,5.0,PF,,['PF']
Rodions Kurucs,0.5,1.9,0.1,0.2,0.2,1.0,0.4,0.5,0.4,0.8,1.2,6.8,11.0,SF,,['SF']
Rodions Kurucs,1.0,1.6,0.4,0.4,0.6,1.8,0.8,0.6,0.0,0.8,3.0,6.8,5.0,SF,,['SF']
Norvel Pelle,0.6,1.2,0.3,0.5,0.0,1.5,0.2,0.1,0.7,0.2,1.5,6.5,13.0,C,,['C']
Norvel Pelle,1.0,2.3,0.0,0.0,0.0,2.3,0.0,0.0,1.0,1.0,2.0,9.3,3.0,C,,['C']
Norvel Pelle,0.0,1.0,3.0,4.0,0.0,1.0,1.0,0.0,0.0,0.0,3.0,4.0,1.0,C,,['C']
Norvel Pelle,0.6,0.8,0.1,0.2,0.0,1.2,0.1,0.1,0.7,0.0,1.2,5.8,9.0,C,,['C']
Bruno Fernando,0.5,1.3,0.5,0.7,0.0,2.4,0.3,0.1,0.1,0.6,1.5,6.8,33.0,C,,['C']
Cassius Stanley,0.5,1.8,0.3,0.4,0.1,0.8,0.0,0.0,0.1,0.0,1.5,3.9,24.0,SG,,['SG']
Anthony Tolliver,0.4,1.5,0.5,0.5,0.4,0.9,0.2,0.3,0.2,0.3,1.5,9.0,11.0,PF,,['PF']
Robert Woodard,0.6,1.5,0.2,0.6,0.1,1.2,0.2,0.0,0.2,0.1,1.5,3.5,13.0,SF,,['SF']
Nate Darling,0.3,1.0,0.4,0.4,0.3,0.1,0.1,0.0,0.1,0.1,1.3,3.7,7.0,SG,,['SG']
Kris Dunn,0.3,3.0,0.8,1.0,0.0,1.5,0.5,0.5,0.5,0.8,1.3,11.3,4.0,PG,,['PG']
Cristiano FelÃ­cio,0.4,0.7,0.5,0.9,0.0,1.4,0.5,0.2,0.0,0.2,1.3,4.7,18.0,C,,['C']
Jalen Lecque,0.3,2.3,0.8,0.8,0.0,1.3,0.5,0.0,0.0,0.0,1.3,3.0,4.0,PG,,['PG']
Marques Bolden,0.2,0.5,0.8,1.3,0.0,1.0,0.0,0.3,0.3,0.3,1.2,4.8,6.0,C,,['C']
Juwan Morgan,0.5,1.0,0.1,0.2,0.1,1.0,0.3,0.1,0.0,0.1,1.2,5.1,29.0,PF,,['PF']
Andre Roberson,0.4,2.8,0.2,0.4,0.2,3.0,0.8,0.6,0.2,0.4,1.2,12.6,5.0,SG,,['SG']
Udoka Azubuike,0.3,0.6,0.5,0.7,0.0,0.9,0.0,0.1,0.3,0.2,1.1,3.8,15.0,C,,['C']
Karim ManÃ©,0.3,1.3,0.4,0.5,0.1,1.4,0.4,0.0,0.2,0.3,1.1,8.8,10.0,PG,,['PG']
Adam Mokoka,0.5,1.4,0.0,0.1,0.1,0.4,0.4,0.1,0.1,0.4,1.1,4.0,14.0,SG,,['SG']
Tyler Bey,0.4,1.2,0.2,0.3,0.1,1.1,0.2,0.0,0.1,0.2,1.0,3.9,18.0,SF,,['SF']
Malik Fitts,0.3,1.0,0.0,0.0,0.3,1.0,0.0,0.0,0.0,0.0,1.0,3.7,3.0,PF,,['PF']
Patrick McCaw,0.2,0.2,0.6,0.6,0.0,0.6,0.8,0.4,0.0,0.0,1.0,6.6,5.0,SF,,['SF']
Iman Shumpert,0.5,2.0,0.0,0.0,0.0,0.5,0.0,0.5,0.0,0.5,1.0,5.5,2.0,SG,,['SG']
Tyrell Terry,0.5,1.5,0.1,0.3,0.0,0.5,0.5,0.5,0.0,0.2,1.0,5.1,11.0,PG,,['PG']
Kostas Antetokounmpo,0.2,0.7,0.4,0.9,0.0,1.3,0.1,0.1,0.3,0.7,0.8,3.7,15.0,PF,,['PF']
Vincent Poirier,0.3,1.2,0.2,0.6,0.0,1.4,0.2,0.0,0.3,0.4,0.8,3.9,10.0,C,,['C']
Nick Richards,0.2,0.5,0.4,0.6,0.0,0.6,0.1,0.0,0.0,0.2,0.8,3.5,18.0,PF,,['PF']
Keljin Blevins,0.3,1.2,0.0,0.0,0.1,0.6,0.2,0.1,0.0,0.3,0.7,4.4,17.0,SF,,['SF']
Ty-Shon Alexander,0.2,0.8,0.1,0.1,0.1,0.7,0.4,0.0,0.1,0.2,0.6,3.1,15.0,SG,,['SG']
Brian Bowen,0.2,0.7,0.2,0.2,0.0,0.5,0.0,0.0,0.0,0.0,0.5,2.5,6.0,SF,,['SF']
Jared Dudley,0.2,0.8,0.0,0.0,0.2,1.8,0.4,0.1,0.1,0.2,0.5,6.8,12.0,PF,,['PF']
Jared Harper,0.0,0.5,0.4,0.5,0.0,0.3,0.1,0.0,0.0,0.4,0.4,2.0,8.0,PG,,['PG']
Jaylen Adams,0.1,1.1,0.0,0.0,0.0,0.4,0.3,0.0,0.0,0.0,0.3,2.6,7.0,PG,,['PG']
Terrance Ferguson,0.1,0.5,0.0,0.0,0.0,0.1,0.2,0.1,0.0,0.3,0.2,3.8,13.0,SG,,['SG']
Theo Pinson,0.1,0.5,0.0,0.0,0.0,0.3,0.1,0.0,0.0,0.1,0.1,2.0,17.0,SG,,['SG']
Ashton Hagans,0.0,0.0,0.0,0.0,0.0,0.0,0.0,0.0,0.0,0.5,0.0,2.0,2.0,PG,,['PG']
Will Magnay,0.0,1.0,0.0,0.0,0.0,0.0,0.0,0.0,0.0,1.0,0.0,3.0,1.0,C,,['C']
AnÅ¾ejs PaseÄÅiks,0.0,1.0,0.0,0.0,0.0,1.0,1.0,0.0,0.0,5.0,0.0,6.0,1.0,C,,['C']
Noah Vonleh,0.0,0.8,0.0,0.0,0.0,0.3,0.3,0.0,0.0,0.5,0.0,2.8,4.0,C,,['C']
Greg Whittington,0.0,0.8,0.0,0.0,0.0,0.0,0.0,0.0,0.0,0.0,0.0,3.0,4.0,PF,,['PF']
League Average,,,,,,,,,,,,,,,,['NAN']
